shdR_X,shdR_Y,shdR_Z,elbR_X,elbR_Y,elbR_Z,wstR_X,wstR_Y,wstR_Z,mcp3R_X,mcp3R_Y,mcp3R_Z,ip3R_X,ip3R_Y,ip3R_Z,t3R_X,t3R_Y,t3R_Z,t4R_X,t4R_Y,t4R_Z,mcp5R_X,mcp5R_Y,mcp5R_Z,ip5R_X,ip5R_Y,ip5R_Z,t5R_X,t5R_Y,t5R_Z,kneeR_X,kneeR_Y,kneeR_Z,ankR_X,ankR_Y,ankR_Z,str_X,str_Y,str_Z,lmb_X,lmb_Y,lmb_Z
-3.9673,27.2783,23.1044,-6.2764,29.0508,20.7069,-2.8284,29.6936,15.4438,-4.2018,29.7372,11.9542,-4.945,29.7559,9.1624,-6.8954,30.912,6.9884,NaN,NaN,NaN,-6.4799,30.2053,15.3994,NaN,NaN,NaN,NaN,NaN,NaN,NaN,NaN,NaN,NaN,NaN,NaN,-4.3863,26.5007,24.4717,NaN,NaN,NaN
-3.9147,27.3143,23.112,-6.1948,28.9582,20.6487,-2.6933,29.4208,15.4003,-4.0155,29.4756,12.0213,-4.9061,29.6353,9.0757,-6.7386,30.2937,6.8762,NaN,NaN,NaN,-6.4819,30.0699,15.3128,NaN,NaN,NaN,NaN,NaN,NaN,NaN,NaN,NaN,NaN,NaN,NaN,-4.2945,26.5344,24.4656,NaN,NaN,NaN
-3.8069,27.3569,23.1126,-6.1166,28.8966,20.6157,-2.5495,29.1806,15.3665,-3.8681,28.8731,11.851,-4.6853,29.1083,9.0565,-6.5842,29.7032,6.7807,NaN,NaN,NaN,-6.4036,29.8402,15.239,NaN,NaN,NaN,NaN,NaN,NaN,NaN,NaN,NaN,NaN,NaN,NaN,-4.2015,26.5781,24.4597,NaN,NaN,NaN
-3.7113,27.3745,23.105,-6.0155,28.8317,20.5712,-2.4079,28.9113,15.3558,-3.6582,28.3631,11.7986,-4.575,28.8082,9.0399,-6.3682,29.0217,6.7183,NaN,NaN,NaN,-6.2418,29.531,15.1595,NaN,NaN,NaN,NaN,NaN,NaN,NaN,NaN,NaN,NaN,NaN,NaN,-4.1068,26.616,24.4495,NaN,NaN,NaN
-3.6246,27.4193,23.1128,-5.9253,28.737,20.5478,-2.3256,28.8905,15.3424,-3.5065,28.1411,11.737,-4.1941,27.8064,9.0965,-6.1376,28.3475,6.6829,NaN,NaN,NaN,-6.0577,29.166,15.0988,NaN,NaN,NaN,NaN,NaN,NaN,NaN,NaN,NaN,NaN,NaN,NaN,-4.0126,26.6587,24.4417,NaN,NaN,NaN
-3.5505,27.4498,23.1116,-5.8384,28.7021,20.5234,-2.1317,28.4323,15.3944,-3.3471,27.9213,11.8394,-3.991,27.2937,9.1334,-5.9001,27.7298,6.6801,NaN,NaN,NaN,-5.9198,28.9875,15.0441,NaN,NaN,NaN,NaN,NaN,NaN,NaN,NaN,NaN,NaN,NaN,NaN,-3.928,26.69,24.4408,NaN,NaN,NaN
-3.4592,27.4841,23.1131,-5.7444,28.622,20.5022,-1.9787,28.184,15.432,-3.196,27.274,11.7803,-3.9105,27.4439,9.0346,-5.9011,27.8297,6.6188,-7.2551,27.9072,9.3854,-5.6244,28.7062,15.0398,NaN,NaN,NaN,NaN,NaN,NaN,NaN,NaN,NaN,NaN,NaN,NaN,-3.8371,26.7349,24.4363,NaN,NaN,NaN
-3.3675,27.5093,23.1152,-5.6572,28.5732,20.4914,-1.8216,27.9484,15.4934,-2.9952,26.7613,11.4711,-3.5993,26.6157,9.1197,NaN,NaN,NaN,-7.0204,27.4255,9.3814,-5.6618,28.54,14.9707,NaN,NaN,NaN,NaN,NaN,NaN,NaN,NaN,NaN,NaN,NaN,NaN,-3.7454,26.7782,24.4315,NaN,NaN,NaN
-3.275,27.5587,23.1176,-5.554,28.5169,20.4938,-1.664,27.7188,15.5662,-2.7456,26.8644,12.0517,NaN,NaN,NaN,NaN,NaN,NaN,-6.7781,26.939,9.3981,-5.5861,28.3863,15.038,NaN,NaN,NaN,NaN,NaN,NaN,NaN,NaN,NaN,NaN,NaN,NaN,-3.651,26.8178,24.423,-5.849712,26.565401,24.679327
-3.1818,27.5943,23.1219,-5.471,28.4799,20.4926,-1.5014,27.5065,15.6524,-2.4547,26.2096,12.2917,-3.5465,27.5262,9.3022,NaN,NaN,NaN,-6.524,26.464,9.4473,-5.2215,27.8178,15.0123,NaN,NaN,NaN,NaN,NaN,NaN,NaN,NaN,NaN,NaN,NaN,NaN,-3.5642,26.8576,24.417,-5.762915,26.611337,24.676091
-3.084,27.6267,23.1275,-5.376,28.4166,20.4901,-1.3393,27.2932,15.754,-2.3396,26.2062,12.3331,NaN,NaN,NaN,NaN,NaN,NaN,-6.2618,25.9779,9.525,-5.1637,27.771,15.0785,NaN,NaN,NaN,NaN,NaN,NaN,NaN,NaN,NaN,NaN,NaN,NaN,-3.4714,26.8888,24.4141,-5.67016,26.633798,24.671292
-2.9952,27.6613,23.1332,-5.2693,28.3723,20.5069,-1.1786,27.1176,15.879,-2.1064,26.0519,12.5004,NaN,NaN,NaN,NaN,NaN,NaN,-5.9864,25.4975,9.6278,NaN,NaN,NaN,NaN,NaN,NaN,NaN,NaN,NaN,NaN,NaN,NaN,NaN,NaN,NaN,-3.388,26.9351,24.4077,-5.584092,26.682056,24.671999
-2.9094,27.6842,23.1312,-5.1646,28.3064,20.5241,-1.004,26.9377,16.0204,-1.9391,26.2768,12.7383,NaN,NaN,NaN,NaN,NaN,NaN,-5.7112,25.0268,9.7689,NaN,NaN,NaN,NaN,NaN,NaN,NaN,NaN,NaN,NaN,NaN,NaN,NaN,NaN,NaN,-3.2986,26.9732,24.4068,-5.486747,26.724344,24.665935
-2.8248,27.7373,23.1386,-5.0768,28.287,20.5441,-0.8421,26.7859,16.1762,-1.5921,25.1548,12.9902,NaN,NaN,NaN,NaN,NaN,NaN,-5.4689,24.6465,9.9378,NaN,NaN,NaN,NaN,NaN,NaN,NaN,NaN,NaN,NaN,NaN,NaN,NaN,NaN,NaN,-3.2108,27.0225,24.4026,-5.405451,26.770715,24.663268
-2.7219,27.7565,23.1351,-4.9898,28.2794,20.5694,-0.6552,26.6163,16.3341,NaN,NaN,NaN,NaN,NaN,NaN,NaN,NaN,NaN,-5.1748,24.183,10.1298,NaN,NaN,NaN,NaN,NaN,NaN,NaN,NaN,NaN,NaN,NaN,NaN,NaN,NaN,NaN,-3.1154,27.0419,24.3987,-5.312758,26.806604,24.656759
-2.6242,27.8032,23.1401,-4.878,28.2229,20.5946,-0.4877,26.5239,16.5206,NaN,NaN,NaN,NaN,NaN,NaN,NaN,NaN,NaN,-4.9486,23.9513,10.3402,NaN,NaN,NaN,NaN,NaN,NaN,NaN,NaN,NaN,NaN,NaN,NaN,NaN,NaN,NaN,-3.0269,27.0884,24.3951,-5.222964,26.839403,24.653807
-2.5412,27.8437,23.1515,-4.8005,28.2493,20.6192,-0.3134,26.413,16.7116,NaN,NaN,NaN,NaN,NaN,NaN,NaN,NaN,NaN,-4.6082,23.3707,10.6057,NaN,NaN,NaN,NaN,NaN,NaN,NaN,NaN,NaN,NaN,NaN,NaN,NaN,NaN,NaN,-2.9409,27.1388,24.4006,-5.137053,26.899823,24.66112
-2.4414,27.8559,23.1524,-4.7328,28.2588,20.6562,-0.1409,26.3364,16.9134,NaN,NaN,NaN,NaN,NaN,NaN,NaN,NaN,NaN,-4.3745,23.1215,10.8705,NaN,NaN,NaN,NaN,NaN,NaN,NaN,NaN,NaN,NaN,NaN,NaN,NaN,NaN,NaN,-2.8464,27.1553,24.3929,-5.045285,26.924998,24.657853
-2.3528,27.8792,23.154,NaN,NaN,NaN,0.0263,26.2932,17.1229,NaN,NaN,NaN,NaN,NaN,NaN,NaN,NaN,NaN,-4.0693,22.7217,11.1774,NaN,NaN,NaN,NaN,NaN,NaN,NaN,NaN,NaN,NaN,NaN,NaN,NaN,NaN,NaN,-2.7624,27.1935,24.3893,-4.951329,26.975985,24.656001
-2.2742,27.9063,23.1603,NaN,NaN,NaN,0.2097,26.2473,17.3381,NaN,NaN,NaN,NaN,NaN,NaN,NaN,NaN,NaN,-3.7459,22.3326,11.5042,NaN,NaN,NaN,NaN,NaN,NaN,NaN,NaN,NaN,NaN,NaN,NaN,NaN,NaN,NaN,-2.6895,27.3232,24.3993,-4.851785,27.112123,24.695251
-2.1718,27.9469,23.1577,NaN,NaN,NaN,0.3839,26.2443,17.5635,NaN,NaN,NaN,NaN,NaN,NaN,NaN,NaN,NaN,-3.4922,22.0841,11.8508,NaN,NaN,NaN,NaN,NaN,NaN,NaN,NaN,NaN,NaN,NaN,NaN,NaN,NaN,NaN,-2.5666,27.3316,24.4036,-4.772329,27.190072,24.701328
-2.0723,27.9716,23.1739,NaN,NaN,NaN,0.5644,26.2335,17.784,NaN,NaN,NaN,NaN,NaN,NaN,NaN,NaN,NaN,NaN,NaN,NaN,NaN,NaN,NaN,NaN,NaN,NaN,NaN,NaN,NaN,NaN,NaN,NaN,NaN,NaN,NaN,-2.4886,27.3937,24.3992,-4.630913,27.198056,24.702701
-1.9798,27.9839,23.1693,NaN,NaN,NaN,0.7499,26.2569,18.0128,NaN,NaN,NaN,NaN,NaN,NaN,NaN,NaN,NaN,NaN,NaN,NaN,NaN,NaN,NaN,NaN,NaN,NaN,NaN,NaN,NaN,NaN,NaN,NaN,NaN,NaN,NaN,-2.3556,27.3602,24.398,-4.574982,27.182089,24.665491
-1.8883,28.0236,23.1758,NaN,NaN,NaN,0.9248,26.3063,18.2419,NaN,NaN,NaN,NaN,NaN,NaN,NaN,NaN,NaN,NaN,NaN,NaN,NaN,NaN,NaN,NaN,NaN,NaN,NaN,NaN,NaN,NaN,NaN,NaN,NaN,NaN,NaN,-2.3135,27.3566,24.3995,-4.476926,27.17103,24.661786
-1.7984,28.042,23.1802,NaN,NaN,NaN,NaN,NaN,NaN,NaN,NaN,NaN,NaN,NaN,NaN,NaN,NaN,NaN,NaN,NaN,NaN,NaN,NaN,NaN,NaN,NaN,NaN,NaN,NaN,NaN,NaN,NaN,NaN,NaN,NaN,NaN,-2.23,27.3858,24.3969,-4.395745,27.223487,24.669266
-1.7068,28.0552,23.1757,NaN,NaN,NaN,NaN,NaN,NaN,NaN,NaN,NaN,NaN,NaN,NaN,NaN,NaN,NaN,NaN,NaN,NaN,NaN,NaN,NaN,NaN,NaN,NaN,NaN,NaN,NaN,NaN,NaN,NaN,NaN,NaN,NaN,-2.1113,27.419,24.3911,-4.29437,27.249427,24.668443
-1.6105,28.0904,23.1829,NaN,NaN,NaN,NaN,NaN,NaN,NaN,NaN,NaN,NaN,NaN,NaN,NaN,NaN,NaN,NaN,NaN,NaN,NaN,NaN,NaN,NaN,NaN,NaN,NaN,NaN,NaN,NaN,NaN,NaN,NaN,NaN,NaN,-2.0296,27.4306,24.3923,-4.191762,27.282364,24.674058
-1.5045,28.1028,23.1854,NaN,NaN,NaN,NaN,NaN,NaN,NaN,NaN,NaN,NaN,NaN,NaN,NaN,NaN,NaN,NaN,NaN,NaN,NaN,NaN,NaN,NaN,NaN,NaN,NaN,NaN,NaN,NaN,NaN,NaN,NaN,NaN,NaN,-1.9394,27.44,24.3974,-4.094354,27.310807,24.669311
-1.401,28.115,23.1815,NaN,NaN,NaN,NaN,NaN,NaN,NaN,NaN,NaN,NaN,NaN,NaN,NaN,NaN,NaN,NaN,NaN,NaN,NaN,NaN,NaN,NaN,NaN,NaN,NaN,NaN,NaN,NaN,NaN,NaN,NaN,NaN,NaN,-1.8297,27.482,24.4019,-3.998258,27.343029,24.674482
-1.3019,28.1423,23.1874,NaN,NaN,NaN,NaN,NaN,NaN,NaN,NaN,NaN,NaN,NaN,NaN,NaN,NaN,NaN,NaN,NaN,NaN,NaN,NaN,NaN,NaN,NaN,NaN,NaN,NaN,NaN,NaN,NaN,NaN,NaN,NaN,NaN,-1.7333,27.4955,24.3998,-3.908047,27.367062,24.673331
-1.2036,28.1598,23.1835,NaN,NaN,NaN,NaN,NaN,NaN,NaN,NaN,NaN,NaN,NaN,NaN,NaN,NaN,NaN,NaN,NaN,NaN,NaN,NaN,NaN,NaN,NaN,NaN,NaN,NaN,NaN,NaN,NaN,NaN,NaN,NaN,NaN,-1.648,27.5044,24.3971,-3.802614,27.396069,24.669348
-1.0956,28.1647,23.175,NaN,NaN,NaN,NaN,NaN,NaN,NaN,NaN,NaN,NaN,NaN,NaN,NaN,NaN,NaN,NaN,NaN,NaN,NaN,NaN,NaN,NaN,NaN,NaN,NaN,NaN,NaN,NaN,NaN,NaN,NaN,NaN,NaN,-1.5474,27.5129,24.3976,-3.70318,27.404985,24.66454
-0.9947,28.1947,23.1706,NaN,NaN,NaN,NaN,NaN,NaN,NaN,NaN,NaN,NaN,NaN,NaN,NaN,NaN,NaN,NaN,NaN,NaN,NaN,NaN,NaN,NaN,NaN,NaN,NaN,NaN,NaN,NaN,NaN,NaN,NaN,NaN,NaN,-1.448,27.5304,24.3929,-3.610719,27.42367,24.661759
-0.8875,28.2281,23.16,NaN,NaN,NaN,NaN,NaN,NaN,NaN,NaN,NaN,NaN,NaN,NaN,NaN,NaN,NaN,-0.0798,20.4304,17.3688,NaN,NaN,NaN,NaN,NaN,NaN,NaN,NaN,NaN,-7.0028,28.5035,23.7883,NaN,NaN,NaN,-1.3366,27.5629,24.3844,-3.505039,27.430151,24.65686
-0.7732,28.2386,23.1528,NaN,NaN,NaN,NaN,NaN,NaN,NaN,NaN,NaN,NaN,NaN,NaN,NaN,NaN,NaN,0.0518,20.476,17.7613,NaN,NaN,NaN,NaN,NaN,NaN,NaN,NaN,NaN,-6.9322,28.6023,23.7882,NaN,NaN,NaN,-1.2255,27.5692,24.376,-3.39935,27.436623,24.651958
-0.6653,28.2524,23.1375,NaN,NaN,NaN,NaN,NaN,NaN,NaN,NaN,NaN,NaN,NaN,NaN,NaN,NaN,NaN,NaN,NaN,NaN,NaN,NaN,NaN,NaN,NaN,NaN,NaN,NaN,NaN,-6.8046,28.8922,23.7539,NaN,NaN,NaN,-1.1354,27.5735,24.3741,-3.298302,27.43929,24.646327
-0.5783,28.2849,23.1382,NaN,NaN,NaN,NaN,NaN,NaN,NaN,NaN,NaN,NaN,NaN,NaN,NaN,NaN,NaN,NaN,NaN,NaN,NaN,NaN,NaN,NaN,NaN,NaN,NaN,NaN,NaN,-6.6999,28.9293,23.7473,NaN,NaN,NaN,-1.0362,27.5798,24.3722,-3.194605,27.441115,24.642281
-0.4825,28.2938,23.1212,NaN,NaN,NaN,NaN,NaN,NaN,NaN,NaN,NaN,NaN,NaN,NaN,NaN,NaN,NaN,NaN,NaN,NaN,NaN,NaN,NaN,NaN,NaN,NaN,NaN,NaN,NaN,-6.5903,28.9714,23.7449,NaN,NaN,NaN,-0.9249,27.5817,24.3677,-3.091385,27.454444,24.637396
-0.4077,28.3178,23.1282,NaN,NaN,NaN,NaN,NaN,NaN,NaN,NaN,NaN,NaN,NaN,NaN,NaN,NaN,NaN,NaN,NaN,NaN,NaN,NaN,NaN,NaN,NaN,NaN,NaN,NaN,NaN,-6.4829,29.0067,23.74,NaN,NaN,NaN,-0.8139,27.5825,24.3637,-2.985628,27.454364,24.633758
NaN,NaN,NaN,NaN,NaN,NaN,NaN,NaN,NaN,NaN,NaN,NaN,NaN,NaN,NaN,NaN,NaN,NaN,NaN,NaN,NaN,NaN,NaN,NaN,NaN,NaN,NaN,NaN,NaN,NaN,-6.3716,29.0423,23.7382,NaN,NaN,NaN,-0.7173,27.5669,24.3601,-2.886703,27.449912,24.627274
NaN,NaN,NaN,NaN,NaN,NaN,NaN,NaN,NaN,NaN,NaN,NaN,NaN,NaN,NaN,NaN,NaN,NaN,NaN,NaN,NaN,NaN,NaN,NaN,NaN,NaN,NaN,NaN,NaN,NaN,-6.261,29.0819,23.7323,NaN,NaN,NaN,-0.6145,27.5619,24.357,-2.788335,27.452211,24.622593
NaN,NaN,NaN,NaN,NaN,NaN,NaN,NaN,NaN,NaN,NaN,NaN,NaN,NaN,NaN,NaN,NaN,NaN,NaN,NaN,NaN,NaN,NaN,NaN,NaN,NaN,NaN,NaN,NaN,NaN,-6.1534,29.1366,23.7286,NaN,NaN,NaN,-0.5082,27.5561,24.3537,-2.6808,27.453376,24.613084
NaN,NaN,NaN,NaN,NaN,NaN,NaN,NaN,NaN,NaN,NaN,NaN,NaN,NaN,NaN,NaN,NaN,NaN,NaN,NaN,NaN,NaN,NaN,NaN,NaN,NaN,NaN,NaN,NaN,NaN,-6.0426,29.173,23.7219,NaN,NaN,NaN,-0.3904,27.5456,24.3523,-2.582284,27.441091,24.611434
NaN,NaN,NaN,NaN,NaN,NaN,NaN,NaN,NaN,NaN,NaN,NaN,NaN,NaN,NaN,NaN,NaN,NaN,NaN,NaN,NaN,NaN,NaN,NaN,NaN,NaN,NaN,NaN,NaN,NaN,-5.932,29.2297,23.7164,NaN,NaN,NaN,-0.2875,27.5335,24.3487,-2.479407,27.429308,24.602463
NaN,NaN,NaN,NaN,NaN,NaN,NaN,NaN,NaN,NaN,NaN,NaN,NaN,NaN,NaN,NaN,NaN,NaN,0.7716,22.6641,21.0141,NaN,NaN,NaN,NaN,NaN,NaN,NaN,NaN,NaN,-5.8234,29.2777,23.7102,NaN,NaN,NaN,-0.1694,27.529,24.356,-2.370366,27.426404,24.597207
NaN,NaN,NaN,NaN,NaN,NaN,NaN,NaN,NaN,NaN,NaN,NaN,NaN,NaN,NaN,NaN,NaN,NaN,0.7576,23.0184,21.1822,NaN,NaN,NaN,NaN,NaN,NaN,NaN,NaN,NaN,-5.7113,29.3344,23.7017,NaN,NaN,NaN,-0.0578,27.511,24.3609,-2.280093,27.404962,24.594864
NaN,NaN,NaN,NaN,NaN,NaN,NaN,NaN,NaN,NaN,NaN,NaN,NaN,NaN,NaN,NaN,NaN,NaN,0.6543,23.2785,21.3469,NaN,NaN,NaN,NaN,NaN,NaN,NaN,NaN,NaN,-5.5982,29.3841,23.6956,NaN,NaN,NaN,0.037,27.5135,24.3747,-2.178194,27.40148,24.587631
NaN,NaN,NaN,NaN,NaN,NaN,NaN,NaN,NaN,NaN,NaN,NaN,NaN,NaN,NaN,NaN,NaN,NaN,0.5608,23.721,21.5442,NaN,NaN,NaN,NaN,NaN,NaN,NaN,NaN,NaN,-5.4813,29.4471,23.6924,NaN,NaN,NaN,0.1586,27.4969,24.3689,-2.071285,27.384467,24.580828
NaN,NaN,NaN,NaN,NaN,NaN,NaN,NaN,NaN,NaN,NaN,NaN,NaN,NaN,NaN,NaN,NaN,NaN,0.4811,24.0015,21.6554,NaN,NaN,NaN,NaN,NaN,NaN,NaN,NaN,NaN,-5.374,29.5138,23.694,NaN,NaN,NaN,0.2509,27.4723,24.3786,-1.960678,27.376956,24.580996
NaN,NaN,NaN,NaN,NaN,NaN,NaN,NaN,NaN,NaN,NaN,NaN,NaN,NaN,NaN,NaN,NaN,NaN,0.3931,24.3823,21.7755,NaN,NaN,NaN,NaN,NaN,NaN,NaN,NaN,NaN,-5.2347,29.4257,23.7085,NaN,NaN,NaN,0.3591,27.4664,24.3831,-1.862958,27.335788,24.574461
NaN,NaN,NaN,NaN,NaN,NaN,NaN,NaN,NaN,NaN,NaN,NaN,NaN,NaN,NaN,NaN,NaN,NaN,0.3163,24.7157,21.8519,NaN,NaN,NaN,NaN,NaN,NaN,NaN,NaN,NaN,-5.1093,29.4904,23.7166,NaN,NaN,NaN,0.4769,27.4539,24.4032,-1.768445,27.341066,24.580193
NaN,NaN,NaN,NaN,NaN,NaN,NaN,NaN,NaN,NaN,NaN,NaN,NaN,NaN,NaN,NaN,NaN,NaN,0.2562,25.1234,21.858,NaN,NaN,NaN,NaN,NaN,NaN,NaN,NaN,NaN,-4.9925,29.5127,23.7384,NaN,NaN,NaN,0.5875,27.4373,24.4205,-1.662012,27.305975,24.579195
NaN,NaN,NaN,NaN,NaN,NaN,NaN,NaN,NaN,NaN,NaN,NaN,NaN,NaN,NaN,NaN,NaN,NaN,0.2366,25.3492,21.841,NaN,NaN,NaN,NaN,NaN,NaN,NaN,NaN,NaN,-4.8605,29.5656,23.7496,NaN,NaN,NaN,0.7199,27.4345,24.4093,-1.563769,27.308777,24.572015
NaN,NaN,NaN,NaN,NaN,NaN,NaN,NaN,NaN,NaN,NaN,NaN,NaN,NaN,NaN,NaN,NaN,NaN,0.1658,25.7106,21.7378,NaN,NaN,NaN,NaN,NaN,NaN,NaN,NaN,NaN,-4.7388,29.6039,23.7562,NaN,NaN,NaN,0.8262,27.4121,24.4177,-1.46084,27.270525,24.564337
NaN,NaN,NaN,NaN,NaN,NaN,NaN,NaN,NaN,NaN,NaN,NaN,NaN,NaN,NaN,NaN,NaN,NaN,0.1164,26.043,21.6208,NaN,NaN,NaN,NaN,NaN,NaN,NaN,NaN,NaN,-4.6305,29.6036,23.7667,NaN,NaN,NaN,0.9276,27.3871,24.4289,-1.358063,27.25118,24.563687
NaN,NaN,NaN,NaN,NaN,NaN,NaN,NaN,NaN,NaN,NaN,NaN,NaN,NaN,NaN,NaN,NaN,NaN,NaN,NaN,NaN,NaN,NaN,NaN,NaN,NaN,NaN,NaN,NaN,NaN,-4.5283,29.6231,23.7877,NaN,NaN,NaN,1.0366,27.3768,24.4416,-1.264194,27.248653,24.563815
NaN,NaN,NaN,NaN,NaN,NaN,NaN,NaN,NaN,NaN,NaN,NaN,NaN,NaN,NaN,NaN,NaN,NaN,NaN,NaN,NaN,NaN,NaN,NaN,NaN,NaN,NaN,NaN,NaN,NaN,-4.4123,29.7451,23.775,NaN,NaN,NaN,1.1406,27.3573,24.4407,-1.161394,27.220197,24.560204
NaN,NaN,NaN,NaN,NaN,NaN,4.0368,32.9447,22.67,NaN,NaN,NaN,NaN,NaN,NaN,NaN,NaN,NaN,NaN,NaN,NaN,NaN,NaN,NaN,NaN,NaN,NaN,NaN,NaN,NaN,-4.3027,29.6798,23.7859,NaN,NaN,NaN,1.2636,27.3169,24.437,-1.059661,27.217499,24.55694
1.7993,28.4855,23.1108,NaN,NaN,NaN,4.1071,33.0676,22.6564,NaN,NaN,NaN,NaN,NaN,NaN,NaN,NaN,NaN,NaN,NaN,NaN,NaN,NaN,NaN,NaN,NaN,NaN,NaN,NaN,NaN,-4.158,29.2275,23.8218,NaN,NaN,NaN,1.3693,27.2989,24.4381,-0.956154,27.187325,24.548258
2.1571,28.3864,22.951,NaN,NaN,NaN,4.1935,33.2258,22.631,NaN,NaN,NaN,NaN,NaN,NaN,NaN,NaN,NaN,NaN,NaN,NaN,NaN,NaN,NaN,NaN,NaN,NaN,NaN,NaN,NaN,-4.1224,29.4403,23.8049,NaN,NaN,NaN,1.4661,27.269,24.4464,-0.859751,27.17151,24.541636
2.0236,28.423,23.1044,NaN,NaN,NaN,4.2429,33.3786,22.6147,NaN,NaN,NaN,NaN,NaN,NaN,NaN,NaN,NaN,NaN,NaN,NaN,NaN,NaN,NaN,NaN,NaN,NaN,NaN,NaN,NaN,NaN,NaN,NaN,NaN,NaN,NaN,1.5812,27.2428,24.4453,-0.754025,27.151074,24.535619
2.1224,28.3604,23.0962,NaN,NaN,NaN,4.3149,33.533,22.5825,NaN,NaN,NaN,NaN,NaN,NaN,NaN,NaN,NaN,NaN,NaN,NaN,NaN,NaN,NaN,NaN,NaN,NaN,-3.0565,31.2526,21.4709,NaN,NaN,NaN,NaN,NaN,NaN,1.6778,27.2169,24.4521,-0.657515,27.138909,24.534042
2.2622,28.5055,23.1624,NaN,NaN,NaN,4.3896,33.6906,22.5534,NaN,NaN,NaN,NaN,NaN,NaN,NaN,NaN,NaN,NaN,NaN,NaN,NaN,NaN,NaN,NaN,NaN,NaN,-3.0711,31.5545,21.6085,NaN,NaN,NaN,-6.5235,30.2023,23.7983,1.7614,27.1975,24.4587,-0.573157,27.122645,24.520615
2.3247,28.5228,23.2065,NaN,NaN,NaN,4.367,33.7239,22.5472,NaN,NaN,NaN,NaN,NaN,NaN,NaN,NaN,NaN,NaN,NaN,NaN,NaN,NaN,NaN,NaN,NaN,NaN,-3.068,31.8675,21.7382,NaN,NaN,NaN,-6.4748,30.2768,23.7659,1.8665,27.1709,24.4562,-0.475104,27.104951,24.517669
2.4234,28.3949,23.1443,NaN,NaN,NaN,4.4882,34.0194,22.4709,NaN,NaN,NaN,NaN,NaN,NaN,NaN,NaN,NaN,NaN,NaN,NaN,NaN,NaN,NaN,NaN,NaN,NaN,-3.0718,32.1229,21.8421,NaN,NaN,NaN,-6.3201,30.1211,23.7676,1.9656,27.14,24.4556,-0.374229,27.073255,24.509345
2.523,28.4668,23.1994,NaN,NaN,NaN,4.5388,34.1569,22.4349,NaN,NaN,NaN,NaN,NaN,NaN,NaN,NaN,NaN,NaN,NaN,NaN,NaN,NaN,NaN,NaN,NaN,NaN,-3.0857,32.3865,21.9381,NaN,NaN,NaN,-6.2405,30.0798,23.7399,2.0611,27.1232,24.4538,-0.277557,27.05535,24.503347
2.5968,28.345,23.1323,NaN,NaN,NaN,4.6166,34.3347,22.3659,NaN,NaN,NaN,NaN,NaN,NaN,NaN,NaN,NaN,NaN,NaN,NaN,NaN,NaN,NaN,-0.8879,33.1752,22.1436,-3.0728,32.5779,22.026,NaN,NaN,NaN,-6.1494,30.1053,23.753,2.1551,27.0814,24.4536,-0.178296,27.036959,24.493843
2.7556,28.4117,23.1962,NaN,NaN,NaN,4.6716,34.4122,22.2993,NaN,NaN,NaN,NaN,NaN,NaN,NaN,NaN,NaN,-1.462,32.0527,18.6696,NaN,NaN,NaN,-0.7762,33.4983,22.1607,-3.0484,32.6929,22.0747,NaN,NaN,NaN,-6.0951,30.039,23.6957,2.2381,27.0667,24.4532,-0.099106,27.020056,24.487826
2.8062,28.3423,23.1895,NaN,NaN,NaN,4.7074,34.5756,22.254,NaN,NaN,NaN,NaN,NaN,NaN,NaN,NaN,NaN,-1.5629,32.5142,18.5181,NaN,NaN,NaN,-0.8257,33.8002,22.3163,-2.953,32.944,22.1775,-3.2272,29.422,23.6619,-5.9992,29.9519,23.6723,2.3299,27.035,24.4523,-0.004585,26.978571,24.478083
2.8844,28.2243,23.126,NaN,NaN,NaN,4.7519,34.7399,22.1879,NaN,NaN,NaN,NaN,NaN,NaN,NaN,NaN,NaN,-1.6611,32.9821,18.3674,NaN,NaN,NaN,-0.8361,33.9002,22.2247,-2.9111,33.1447,22.2928,-3.1042,29.4153,23.6249,-5.9174,29.908,23.673,2.4223,27.0121,24.4434,0.090349,26.96699,24.474501
3.0081,28.1955,23.1258,NaN,NaN,NaN,4.8004,34.8392,22.1118,NaN,NaN,NaN,NaN,NaN,NaN,NaN,NaN,NaN,-1.752,33.4792,18.2263,NaN,NaN,NaN,-0.8377,33.9805,22.2725,-2.9093,33.3082,22.3233,-3.0393,29.3476,23.6039,-5.8368,29.9256,23.6308,2.5128,26.9885,24.4467,0.17583,26.936108,24.462265
3.1077,28.2178,23.1747,NaN,NaN,NaN,4.8396,34.8891,22.0307,NaN,NaN,NaN,1.3163,36.1918,16.8754,NaN,NaN,NaN,-1.8059,33.9473,18.0786,NaN,NaN,NaN,-0.664,34.046,22.2285,-2.8749,33.5333,22.336,-2.9525,29.3227,23.5867,-5.7448,29.8043,23.6282,2.604,26.9745,24.4422,0.274502,26.926366,24.45742
3.1977,28.2128,23.1686,NaN,NaN,NaN,4.896,35.0903,21.9108,2.5816,36.4281,19.3451,1.3488,36.5648,16.6612,-1.3547,35.9155,14.9983,-1.8532,34.4526,17.9354,NaN,NaN,NaN,-0.5924,34.1977,22.2115,-2.8212,33.578,22.3139,-2.8549,29.2794,23.5545,-5.6606,29.6494,23.5514,2.7082,26.9467,24.4341,0.365991,26.892082,24.449206
3.314,28.162,23.1534,NaN,NaN,NaN,4.9287,35.1334,21.8201,2.575,36.6906,19.245,1.3739,37.2292,16.7934,-1.4006,36.7231,15.0271,-1.8746,34.9247,17.8029,NaN,NaN,NaN,-0.6366,34.3014,22.1595,-2.7928,33.7523,22.3026,-2.7657,29.2614,23.5398,-5.5906,29.5394,23.5115,2.7908,26.9192,24.4306,0.46106,26.889864,24.448931
3.4348,28.1336,23.1602,NaN,NaN,NaN,4.9319,35.304,21.7278,2.6522,36.8494,19.087,1.4585,37.5161,16.5948,-1.4063,37.405,15.0722,-1.8942,35.4683,17.6929,NaN,NaN,NaN,-0.5889,34.365,22.0675,-2.7869,33.7789,22.2338,-2.6798,29.2448,23.5294,-5.4942,29.5129,23.4865,2.8782,26.907,24.4311,0.555845,26.866755,24.446731
3.5456,28.0913,23.1582,NaN,NaN,NaN,4.9842,35.2848,21.5651,2.7197,36.8413,18.8974,1.4593,37.2921,16.3834,-1.3605,37.9515,15.0814,-1.8973,35.9675,17.5979,NaN,NaN,NaN,NaN,NaN,NaN,-2.749,33.7039,22.0605,-2.586,29.1774,23.5217,-5.4414,29.387,23.4313,2.9857,26.8903,24.4209,0.649397,26.851092,24.429947
3.6363,28.0763,23.1535,NaN,NaN,NaN,5.0217,35.4072,21.432,2.784,36.9174,18.7387,1.5876,38.1779,16.3581,-1.2806,38.3479,15.0471,-1.8751,36.4023,17.5207,NaN,NaN,NaN,NaN,NaN,NaN,-2.6781,33.7003,21.9042,-2.4878,29.0984,23.5162,-5.3338,29.3419,23.3886,3.0845,26.8767,24.42,0.75412,26.819158,24.421619
3.7341,28.0569,23.153,NaN,NaN,NaN,5.07,35.4751,21.2438,2.8689,37.0674,18.5968,1.6027,38.0578,16.1872,-1.1873,38.7069,14.9649,-1.8381,36.7437,17.4328,NaN,NaN,NaN,NaN,NaN,NaN,-2.5915,33.9314,21.7412,-2.4005,29.0342,23.4984,-5.2407,29.2566,23.3244,3.1782,26.8693,24.4195,0.854182,26.810668,24.419155
3.8341,28.024,23.1513,NaN,NaN,NaN,5.0925,35.5117,21.0503,2.9368,37.1456,18.4393,1.7071,38.5103,16.1247,-1.0795,39.023,14.8631,-1.7809,37.0523,17.3183,NaN,NaN,NaN,NaN,NaN,NaN,-2.6704,34.0976,21.6236,-2.3153,29.0106,23.4896,-5.1268,29.099,23.2867,3.2842,26.8461,24.4101,0.954775,26.812107,24.412853
3.9182,28.1417,23.263,NaN,NaN,NaN,5.1514,35.5154,20.8241,3.0169,37.2212,18.2618,1.8255,38.6626,16.0428,-0.959,39.3002,14.7439,-1.7096,37.3738,17.1822,NaN,NaN,NaN,NaN,NaN,NaN,-2.5987,33.7977,21.2909,-2.2228,28.9762,23.4645,-5.0515,29.0225,23.2673,3.379,26.8507,24.4113,1.057775,26.784278,24.406508
4.0328,28.0306,23.165,NaN,NaN,NaN,5.1891,35.519,20.6241,3.0879,37.193,18.1001,1.9449,38.9419,15.9065,-0.8214,39.5675,14.6202,-1.6175,37.6404,17.0312,NaN,NaN,NaN,NaN,NaN,NaN,-2.6239,34.2473,21.0334,-2.1192,28.9164,23.4482,-4.9566,28.9364,23.2442,3.4723,26.8244,24.4073,1.159293,26.775721,24.400655
4.1203,28.0756,23.2074,NaN,NaN,NaN,5.2063,35.4718,20.4332,3.1926,37.3944,17.8796,2.0727,38.952,15.8203,-0.6779,39.8163,14.4951,-1.531,37.9337,16.9269,NaN,NaN,NaN,NaN,NaN,NaN,-2.5969,34.4177,20.8178,-2.0186,28.8702,23.4269,-4.8361,28.8718,23.225,3.5826,26.8138,24.4047,1.263362,26.752913,24.396152
4.2041,28.033,23.1843,NaN,NaN,NaN,5.2374,35.4478,20.2487,3.2635,37.4304,17.6806,2.1619,39.0428,15.5902,-0.5273,40.0215,14.3641,-1.4363,38.2265,16.8357,NaN,NaN,NaN,NaN,NaN,NaN,-2.571,34.6366,20.6477,NaN,NaN,NaN,-4.7447,28.7273,23.1629,3.6854,26.8108,24.401,1.367071,26.729217,24.385902
4.3055,27.9804,23.1605,NaN,NaN,NaN,5.2877,35.3758,20.0236,3.3888,37.2923,17.4538,2.3261,38.515,15.2466,-0.3688,40.1875,14.219,-1.3364,38.426,16.7107,1.4093,35.1489,20.3505,-0.3711,34.9846,20.3236,-2.5273,34.8149,20.4574,NaN,NaN,NaN,-4.6282,28.6288,23.1645,3.7894,26.8044,24.403,1.466885,26.726284,24.386503
4.3991,28.0024,23.178,NaN,NaN,NaN,5.3377,35.3145,19.8082,3.4746,37.2428,17.2203,2.3768,38.8216,15.0182,-0.1899,40.3356,14.0605,-1.2013,38.5422,16.5281,1.5101,35.0831,20.1527,-0.3381,35.121,20.124,-2.4974,34.9982,20.2898,-1.7557,28.7398,23.3448,-4.5703,28.5369,23.13,3.8854,26.7852,24.4028,1.57099,26.694874,24.382613
4.493,27.9602,23.1617,NaN,NaN,NaN,5.3862,35.2339,19.5914,3.5737,37.1901,16.98,2.5288,38.6556,14.8673,0.0284,40.4405,13.8782,-1.0723,38.6213,16.3215,1.5635,35.1584,19.9585,-0.2271,35.1041,19.8871,-2.45,35.139,20.1309,-1.6695,28.7143,23.3276,-4.4759,28.4511,23.1071,3.9793,26.7943,24.4059,1.673282,26.676751,24.375523
4.6016,28.0142,23.1922,NaN,NaN,NaN,5.453,35.1279,19.3605,3.6665,37.1186,16.7255,2.6697,38.991,14.7317,0.2495,40.5173,13.6744,-0.9369,38.6434,16.0708,1.6659,35.0658,19.6664,-0.1801,35.1683,19.6813,-2.3829,35.2005,19.9537,-1.5405,28.708,23.3259,-4.4025,28.3157,23.0897,4.0796,26.7846,24.4017,1.777332,26.661113,24.370597
4.6956,27.9196,23.1458,NaN,NaN,NaN,5.5212,35.0514,19.1371,3.769,36.9237,16.4426,2.7291,39.0152,14.3738,0.4818,40.5461,13.4302,-0.7921,38.5685,15.7812,1.767,34.964,19.4635,-0.1163,35.1372,19.4857,-2.3049,35.2081,19.7434,-1.5395,28.5322,23.2877,-4.3338,28.2073,23.0504,4.1725,26.7819,24.4053,1.878474,26.650402,24.371431
4.7941,27.9062,23.154,2.2436,30.9022,22.2536,5.5895,34.9397,18.9191,3.8814,36.8036,16.183,2.8958,38.6161,13.9581,0.7108,40.4945,13.1507,-0.6491,38.5378,15.4951,1.6713,34.9253,19.2845,-0.0264,35.1367,19.2737,-2.2256,35.1946,19.5238,-1.3729,28.5995,23.3402,-4.2372,28.0965,23.0088,4.275,26.7923,24.4049,1.974487,26.641359,24.36326
4.8607,27.9075,23.1417,2.376,30.9159,22.193,5.674,34.8124,18.6908,3.978,36.6118,15.9021,3.0304,38.2389,13.7068,0.9227,40.371,12.8359,-0.5026,38.4433,15.199,1.8428,34.8456,19.0786,0.0667,35.0556,19.0388,-2.1485,35.122,19.3023,-1.27,28.6031,23.3601,-4.1626,28.0208,22.9896,4.3743,26.7804,24.4003,2.075608,26.633077,24.361958
4.98,28.1048,23.2866,2.4505,30.8473,22.153,5.7397,34.438,18.5084,4.1115,36.4327,15.6379,3.1799,38.3787,13.5829,1.1248,40.1761,12.4967,-0.3608,38.3687,14.9006,1.9565,34.9001,18.8366,0.1548,34.9513,18.8122,-2.0525,35.0452,19.0657,-1.2086,28.5063,23.3167,-4.0224,27.8625,22.9501,4.4628,26.7775,24.398,2.182237,26.626613,24.366085
5.0648,27.9205,23.1739,2.5037,30.5724,22.1215,5.8631,34.5078,18.2452,4.2345,36.2092,15.3706,3.3826,37.5234,12.9945,1.2984,39.9298,12.1298,-0.2101,38.1954,14.5862,1.9959,34.6866,18.5808,0.2524,34.8654,18.5669,-1.9383,34.9772,18.8294,-1.0872,28.5611,23.3358,-3.9178,27.783,22.9692,4.5553,26.7818,24.4021,2.284647,26.631622,24.361915
5.1389,27.9746,23.2216,2.654,30.7195,22.0346,5.978,34.4884,18.012,4.37,36.0174,15.091,3.5063,37.2949,12.8394,1.462,39.6314,11.7638,-0.0566,37.988,14.2733,2.2127,34.5341,18.3308,0.3703,34.7613,18.3423,-1.8325,34.88,18.6035,-1.0892,28.4032,23.2744,-3.842,27.7666,22.9482,4.6527,26.7828,24.4008,2.378198,26.615436,24.3598
5.2595,27.9108,23.1738,2.6977,31.0169,22.0691,6.0747,33.9287,17.8507,4.5145,35.7617,14.849,3.7332,37.301,12.591,1.6097,39.2587,11.3653,0.0833,37.7651,13.9546,2.2828,34.3239,18.1475,0.4823,34.6386,18.1334,-1.7011,34.8027,18.3712,-0.934,28.4233,23.3107,-3.6976,27.582,22.9306,4.7516,26.7897,24.3948,2.473109,26.61902,24.354675
5.3454,27.8844,23.1568,2.9497,30.6952,21.7364,6.1905,34.1456,17.6213,4.6546,35.4882,14.5927,3.9581,36.7153,12.341,1.754,38.8348,10.94,0.2376,37.4777,13.6254,2.3308,34.3448,17.9915,0.6321,34.6021,17.8906,-1.5787,34.6385,18.1712,-0.8421,28.3225,23.2684,-3.5987,27.6135,22.9446,4.8497,26.8003,24.3886,2.577784,26.630041,24.353757
5.4422,27.9161,23.1643,3.0394,30.6382,21.6359,6.338,33.9276,17.4093,4.8023,35.2344,14.3562,3.9144,36.4526,11.9008,1.8911,38.3984,10.538,0.3952,37.19,13.2972,2.5913,34.0424,17.7414,0.7524,34.3817,17.7175,-1.4581,34.5525,18.004,-0.768,28.3985,23.2601,-3.492,27.5088,22.945,4.9484,26.8054,24.3897,2.675031,26.635728,24.35591
5.5448,27.9066,23.1579,3.113,30.6306,21.6515,6.4632,33.7452,17.2369,4.9604,34.9456,14.1173,4.0939,35.9953,11.6444,2.0294,37.9597,10.1658,0.5556,36.8669,12.9611,2.6593,33.818,17.5554,0.8777,34.2323,17.5309,-1.3209,34.4573,17.837,-0.714,28.4128,23.2116,-3.4476,27.6045,22.9619,5.046,26.8291,24.3893,2.777075,26.641965,24.357522
5.6425,27.9066,23.1558,3.2229,30.6018,21.5951,6.6018,33.5413,17.0562,5.1126,34.6691,13.9041,4.2593,35.9735,11.4013,2.1782,37.5092,9.8226,0.7225,36.5461,12.6413,2.7746,33.846,17.3716,1.0093,34.0961,17.3545,-1.1901,34.6278,17.8513,-0.6192,28.3888,23.2095,-3.3215,27.4901,22.9586,5.136,26.8536,24.3875,2.88262,26.647842,24.352491
5.7296,27.937,23.1552,3.3415,30.5511,21.5229,6.743,33.339,16.8916,5.2694,34.3774,13.6911,4.5198,35.3197,11.1715,2.3408,37.0337,9.4982,0.8815,36.1754,12.3381,2.9335,33.6246,17.1703,1.1713,33.9092,17.1445,-1.0182,34.1231,17.3957,-0.5329,28.4063,23.2196,-3.2406,27.3629,22.9427,5.232,26.8632,24.3857,2.988172,26.653712,24.347457
5.8256,27.9348,23.1542,3.4419,30.4959,21.4418,6.896,33.1089,16.7308,5.4323,34.0478,13.4783,4.5754,34.8231,10.8605,2.5192,36.5331,9.1779,1.0512,35.7884,12.0448,3.1222,33.3813,17.0014,1.3194,33.7221,16.9366,-0.8581,33.9443,17.154,-0.4327,28.3858,23.2368,-3.1481,27.3621,22.9367,5.3347,26.8951,24.3901,3.094975,26.651804,24.342717
5.9283,27.9547,23.1661,3.5598,30.4476,21.3619,7.0457,32.8912,16.5777,5.5975,33.712,13.2951,4.7456,34.5237,10.637,2.7127,36.0419,8.8733,1.232,35.3412,11.7519,3.2441,33.1638,16.8147,1.4913,33.5558,16.7341,-0.707,33.7568,16.9418,-0.3377,28.3867,23.2561,-3.0563,27.3757,22.954,5.4466,26.9301,24.3866,3.201255,26.671142,24.340791
6.0234,27.9808,23.1749,3.6695,30.4005,21.29,7.2035,32.6608,16.4442,5.7809,33.361,13.1229,5.0542,33.97,10.4832,2.9175,35.5637,8.5941,1.4067,34.9438,11.4977,3.3599,33.0557,16.6501,1.6404,33.3296,16.534,-0.56,33.5665,16.7244,-0.2574,28.4056,23.2813,-2.9673,27.2924,22.973,5.5411,26.9577,24.3891,3.298849,26.697842,24.348535
6.1264,27.9966,23.1688,3.7803,30.3672,21.2147,7.3585,32.4454,16.3224,5.9758,32.988,12.9664,5.1782,33.4965,10.2573,3.1377,35.0697,8.331,1.6001,34.4953,11.236,3.5616,32.7902,16.457,1.7933,33.0902,16.3329,-0.4195,33.3651,16.4984,-0.1724,28.4268,23.3077,-2.8534,27.3274,22.9869,5.6359,26.9816,24.3854,3.406215,26.705468,24.342907
6.2216,28.0353,23.1787,3.892,30.3138,21.1425,7.5239,32.2073,16.2143,6.147,32.663,12.8072,5.3693,33.2574,10.0907,3.3475,34.5739,8.0888,1.7998,34.0719,11.0043,3.7554,32.4827,16.2898,1.9579,32.8437,16.1242,-0.2562,33.1213,16.2611,-0.0791,28.4335,23.3395,-2.7275,27.192,22.9894,5.7412,27.0233,24.3878,3.517035,26.751237,24.349921
6.3096,28.0603,23.1846,4.0026,30.2654,21.0823,7.6856,31.9638,16.1153,6.3559,32.2828,12.6773,5.5907,32.6666,9.9165,3.5809,34.0625,7.8711,2.0098,33.6618,10.7882,3.9188,32.2366,16.1313,2.1258,32.6191,15.9298,-0.0906,32.8651,16.0344,0.0097,28.4506,23.3777,-2.6441,27.3112,23.0398,5.8419,27.0757,24.3925,3.619913,26.783774,24.35249
6.4203,28.0924,23.1917,4.1179,30.1976,21.0164,7.8536,31.7216,16.0352,6.5524,31.9494,12.5702,5.8819,31.9775,9.7931,3.8206,33.5393,7.6691,2.2363,33.2389,10.5798,4.0381,32.0927,15.9744,2.2897,32.3798,15.7574,0.0606,32.6422,15.8404,0.1016,28.4862,23.4108,-2.5731,27.3451,23.0562,5.942,27.1007,24.3902,3.723588,26.805372,24.359852
6.5267,28.1307,23.1941,4.2333,30.1482,20.9537,8.0235,31.4907,15.96,6.775,31.5588,12.46,6.104,31.5965,9.6661,4.0846,32.9905,7.4778,2.4849,32.8306,10.3817,4.219,31.8117,15.8306,2.4887,32.103,15.5735,0.2396,32.422,15.6258,0.183,28.5455,23.4421,-2.5062,27.3373,23.0733,6.0443,27.1492,24.3957,3.824484,26.81828,24.360023
6.6209,28.1542,23.2034,4.3431,30.088,20.8988,8.1862,31.1471,15.922,6.9813,31.2071,12.3825,6.315,31.3921,9.5507,4.3571,32.4462,7.3015,2.7381,32.3891,10.1866,4.3546,31.6284,15.7189,2.6375,31.8723,15.4272,0.4211,32.1517,15.4241,0.2765,28.5908,23.474,-2.4075,27.4251,23.1026,6.1478,27.2012,24.4012,3.937035,26.856988,24.367065
6.791,28.1799,23.1985,4.4508,30.0189,20.857,8.3546,30.8947,15.8767,7.1969,30.8634,12.3174,6.5915,30.7674,9.4997,4.6501,31.8781,7.1506,2.9972,31.9646,10.0042,4.6292,31.4553,15.6244,2.8101,31.6495,15.2608,0.5951,31.9832,15.2914,0.3905,28.5678,23.5083,-2.2086,27.4054,23.1786,6.24,27.2429,24.4083,4.041177,26.907476,24.373485
6.8257,28.2288,23.2206,4.5769,29.9763,20.8025,8.5277,30.6593,15.8479,7.4262,30.3253,12.1601,NaN,NaN,NaN,4.9466,31.3245,7.0214,3.2764,31.503,9.8377,4.709,31.1501,15.4761,3.0089,31.409,15.1256,0.8001,31.6664,15.0516,0.472,28.6687,23.5316,-2.1463,27.5243,23.2303,6.3455,27.2925,24.4158,4.135647,26.942043,24.381843
6.9288,28.259,23.2318,4.6801,29.9253,20.7676,8.706,30.4134,15.8324,7.6725,29.5793,11.9129,NaN,NaN,NaN,5.2625,30.7509,6.9241,3.5558,31.0607,9.6936,4.8549,30.6881,15.3211,3.205,31.0899,14.9905,0.9545,31.3657,14.8668,0.5734,28.7176,23.5598,-2.0533,27.4821,23.2484,6.4535,27.3464,24.4153,4.24565,26.973696,24.386194
7.0171,28.3104,23.2481,4.7882,29.8741,20.7387,8.8742,30.1866,15.8367,7.9519,29.8321,12.3052,NaN,NaN,NaN,5.5916,30.1811,6.8697,3.8489,30.6079,9.5721,5.065,30.6901,15.3245,3.4026,30.8444,14.8659,1.149,31.1104,14.7238,0.6874,28.7085,23.5905,-1.9889,27.4529,23.1658,6.55,27.3877,24.4202,4.34583,27.027751,24.399903
7.1205,28.3618,23.2561,4.9007,29.834,20.716,9.0496,29.9459,15.8672,8.1266,29.4671,12.3253,NaN,NaN,NaN,5.9163,29.6221,6.8384,4.1404,30.1524,9.4837,5.2016,30.4711,15.2734,3.5821,30.5936,14.7562,1.3819,30.8089,14.557,0.7863,28.7287,23.608,-1.9478,27.5498,23.2247,6.6463,27.4378,24.4369,4.448636,27.060854,24.409955
7.2304,28.3872,23.2678,5.0104,29.7979,20.6972,9.2294,29.7273,15.9052,8.4578,29.5015,12.4963,NaN,NaN,NaN,6.261,29.0266,6.8384,4.4388,29.6929,9.4205,5.3936,30.1149,15.1948,3.7959,30.2899,14.6762,1.5578,30.491,14.4251,0.8722,28.84,23.626,-1.814,27.4633,23.2164,6.7501,27.5008,24.4463,4.548484,27.103307,24.424055
7.3219,28.4475,23.2855,5.1198,29.7601,20.686,9.4046,29.4975,15.9684,8.6058,29.1205,12.4645,NaN,NaN,NaN,6.5775,28.4819,6.8692,4.7167,29.2613,9.3987,5.605,29.9524,15.1719,3.9833,30.0107,14.6206,1.7443,30.2042,14.3228,0.992,28.7858,23.6377,-1.7253,27.5479,23.2689,6.8489,27.543,24.4481,4.650736,27.156963,24.434571
7.4114,28.488,23.3025,5.2365,29.7033,20.6794,9.582,29.2799,16.0411,8.9479,28.7308,12.5577,8.6545,27.7817,9.7734,6.9166,27.8771,6.9416,5.019,28.7863,9.4041,5.9881,29.7489,15.2311,4.1462,29.879,14.5736,1.9566,29.8986,14.2377,1.0763,28.8967,23.6398,-1.587,27.5738,23.3025,6.9448,27.5922,24.4613,4.75648,27.209245,24.452325
7.5161,28.5311,23.3157,5.3419,29.6826,20.6828,9.7648,29.0786,16.1349,9.2069,28.3645,12.5486,8.9267,27.3649,9.9339,7.2298,27.3506,7.0542,5.3474,28.2351,9.4499,6.0426,29.4546,15.1843,4.4023,29.4731,14.566,2.159,29.6269,14.1891,1.1697,28.9387,23.6435,-1.4638,27.6157,23.3178,7.0475,27.6316,24.4669,4.858089,27.249218,24.462734
7.6162,28.5904,23.3289,5.4491,29.6295,20.6878,9.9537,28.862,16.2455,9.4065,27.8708,12.8193,9.1822,26.8182,10.1185,7.556,26.7536,7.2107,5.5696,27.8935,9.5164,6.2527,29.162,15.2485,4.6073,29.1668,14.5801,2.3926,29.2883,14.1632,1.2826,28.9433,23.6404,-1.345,27.6372,23.3279,7.1544,27.6899,24.4753,4.959417,27.310907,24.481841
7.7289,28.6264,23.3447,5.5646,29.598,20.7051,10.1293,28.681,16.3728,9.5936,27.3588,12.9147,9.4065,26.6023,10.3207,7.7782,26.526,7.3594,5.8521,27.4524,9.6238,6.3855,28.8308,15.3068,4.8197,28.8447,14.6216,2.5855,28.9914,14.1642,1.3891,28.9611,23.6385,-1.2456,27.6883,23.3237,7.2552,27.7558,24.4867,5.064161,27.343946,24.491343
7.8103,28.6914,23.367,5.6754,29.5732,20.7161,10.3013,28.5107,16.5208,9.9258,27.4681,12.9519,9.7409,26.2618,10.5886,NaN,NaN,NaN,6.165,26.9141,9.7636,6.6291,28.5808,15.3771,4.9951,28.5848,14.6776,2.8083,28.6867,14.1871,1.4888,28.9803,23.6418,-1.129,27.6213,23.3217,7.3601,27.7834,24.4941,5.168342,27.394026,24.51445
7.9272,28.7216,23.3788,5.7678,29.5562,20.7448,10.4806,28.3569,16.6846,NaN,NaN,NaN,9.9824,25.4702,10.7866,NaN,NaN,NaN,6.4283,26.5128,9.9382,6.8063,28.4018,15.5028,5.245,28.4136,14.81,3.0079,28.4265,14.2233,1.5912,28.993,23.6425,-1.0229,27.7261,23.3315,7.4581,27.8347,24.5056,5.264874,27.455927,24.529794
8.0272,28.7616,23.4033,5.8719,29.5637,20.7726,10.6583,28.2161,16.8578,NaN,NaN,NaN,10.1962,24.8418,10.647,NaN,NaN,NaN,6.6987,26.1161,10.1365,7.0102,28.2036,15.606,5.4726,28.1262,14.8634,3.2346,28.1255,14.2952,1.702,29.0031,23.6451,-0.9107,27.6939,23.3275,7.5626,27.9002,24.521,5.365605,27.514912,24.546865
8.1232,28.8107,23.4165,5.9843,29.5447,20.8079,10.8271,28.1297,17.058,NaN,NaN,NaN,NaN,NaN,NaN,NaN,NaN,NaN,6.9815,25.6855,10.3797,7.1689,27.9739,15.7318,5.6262,27.9915,14.9351,3.452,27.8314,14.3778,1.8099,29.0177,23.6486,-0.7853,27.7106,23.3241,7.6625,27.9475,24.5353,5.471943,27.550448,24.563695
8.2517,28.8175,23.4323,6.0715,29.5629,20.8481,11.005,28.0173,17.2615,NaN,NaN,NaN,NaN,NaN,NaN,NaN,NaN,NaN,7.2546,25.321,10.6391,7.3895,27.8283,15.8829,5.826,27.7289,15.1444,3.5974,27.6452,14.4912,1.9182,29.0354,23.6539,-0.6707,27.6687,23.3408,7.7564,27.9768,24.5424,5.575253,27.616083,24.580268
8.3378,28.8946,23.4533,NaN,NaN,NaN,11.1703,27.9583,17.477,NaN,NaN,NaN,NaN,NaN,NaN,NaN,NaN,NaN,7.5133,25.0437,10.9237,7.561,27.6275,16.0529,NaN,NaN,NaN,3.8834,27.3245,14.6068,2.0327,29.0497,23.658,-0.5472,27.732,23.3502,7.8703,28.0195,24.5546,5.674477,27.652797,24.592424
8.4668,29.0461,23.4569,NaN,NaN,NaN,11.3403,27.9004,17.7085,NaN,NaN,NaN,NaN,NaN,NaN,NaN,NaN,NaN,7.82,24.5596,11.2628,7.7802,27.5119,16.236,NaN,NaN,NaN,NaN,NaN,NaN,2.1423,29.0647,23.6663,-0.471,27.8078,23.3659,7.9608,28.0709,24.5783,5.779685,27.701136,24.618697
8.5405,28.9535,23.4836,NaN,NaN,NaN,11.5068,27.8654,17.94,NaN,NaN,NaN,NaN,NaN,NaN,NaN,NaN,NaN,8.0944,24.2197,11.6158,7.9838,27.5382,16.4518,NaN,NaN,NaN,NaN,NaN,NaN,2.2508,29.0845,23.6746,-0.3156,27.7766,23.3594,8.0595,28.1071,24.5891,5.88796,27.763062,24.637552
8.6609,28.9986,23.5016,NaN,NaN,NaN,11.6688,27.8407,18.1803,NaN,NaN,NaN,NaN,NaN,NaN,NaN,NaN,NaN,8.3501,23.9773,11.9863,8.2073,27.3633,16.6479,NaN,NaN,NaN,NaN,NaN,NaN,2.3587,29.1186,23.6842,-0.1666,27.7071,23.3782,8.1679,28.1535,24.6062,5.995097,27.80812,24.661199
8.7569,29.0211,23.5173,NaN,NaN,NaN,11.8293,27.8484,18.4285,NaN,NaN,NaN,NaN,NaN,NaN,NaN,NaN,NaN,NaN,NaN,NaN,NaN,NaN,NaN,NaN,NaN,NaN,NaN,NaN,NaN,2.4751,29.1444,23.6912,-0.0774,27.7763,23.3914,8.2744,28.2095,24.6203,6.103387,27.850546,24.682467
8.8544,29.0598,23.531,NaN,NaN,NaN,11.9843,27.8618,18.677,NaN,NaN,NaN,NaN,NaN,NaN,NaN,NaN,NaN,NaN,NaN,NaN,NaN,NaN,NaN,NaN,NaN,NaN,NaN,NaN,NaN,2.5903,29.1805,23.6999,0.0932,27.7288,23.403,8.3712,28.2317,24.6311,6.212829,27.893293,24.696523
8.9669,29.1019,23.5422,NaN,NaN,NaN,12.1284,27.9201,18.9295,NaN,NaN,NaN,NaN,NaN,NaN,NaN,NaN,NaN,NaN,NaN,NaN,NaN,NaN,NaN,NaN,NaN,NaN,NaN,NaN,NaN,2.7062,29.2101,23.711,0.1661,27.8548,23.4561,8.4731,28.2717,24.6469,6.316021,27.961172,24.71681
9.0611,29.143,23.5483,NaN,NaN,NaN,12.2767,27.9645,19.1832,NaN,NaN,NaN,NaN,NaN,NaN,NaN,NaN,NaN,NaN,NaN,NaN,NaN,NaN,NaN,NaN,NaN,NaN,NaN,NaN,NaN,2.8162,29.2453,23.7226,0.2812,27.8897,23.4701,8.5934,28.3143,24.655,6.422376,27.999044,24.735527
9.1847,29.1455,23.558,NaN,NaN,NaN,12.4043,28.0486,19.4339,NaN,NaN,NaN,NaN,NaN,NaN,NaN,NaN,NaN,NaN,NaN,NaN,NaN,NaN,NaN,NaN,NaN,NaN,NaN,NaN,NaN,2.9261,29.2796,23.7299,0.3966,27.9441,23.5268,8.6994,28.3375,24.6584,6.533484,28.051351,24.750282
9.2902,29.1795,23.57,NaN,NaN,NaN,12.5249,28.1606,19.6811,NaN,NaN,NaN,NaN,NaN,NaN,NaN,NaN,NaN,NaN,NaN,NaN,NaN,NaN,NaN,NaN,NaN,NaN,NaN,NaN,NaN,3.0415,29.3268,23.7479,0.4793,27.9431,23.5212,8.7985,28.3675,24.678,6.646188,28.084008,24.758743
9.383,29.2295,23.5834,NaN,NaN,NaN,NaN,NaN,NaN,NaN,NaN,NaN,NaN,NaN,NaN,NaN,NaN,NaN,NaN,NaN,NaN,NaN,NaN,NaN,NaN,NaN,NaN,NaN,NaN,NaN,3.1526,29.3742,23.7632,0.607,27.9701,23.5533,8.915,28.3931,24.6738,6.752556,28.108584,24.761683
9.5007,29.2531,23.5781,NaN,NaN,NaN,NaN,NaN,NaN,NaN,NaN,NaN,NaN,NaN,NaN,NaN,NaN,NaN,NaN,NaN,NaN,NaN,NaN,NaN,NaN,NaN,NaN,NaN,NaN,NaN,3.2596,29.4264,23.7847,0.688,28.068,23.5616,9.0231,28.4166,24.6814,6.860264,28.140422,24.76949
9.6173,29.2914,23.5872,NaN,NaN,NaN,NaN,NaN,NaN,NaN,NaN,NaN,NaN,NaN,NaN,NaN,NaN,NaN,NaN,NaN,NaN,NaN,NaN,NaN,NaN,NaN,NaN,NaN,NaN,NaN,3.3725,29.4712,23.8014,0.8184,28.0951,23.5712,9.1461,28.4467,24.6818,6.975518,28.180641,24.77565
9.72,29.3128,23.5879,NaN,NaN,NaN,NaN,NaN,NaN,NaN,NaN,NaN,NaN,NaN,NaN,NaN,NaN,NaN,NaN,NaN,NaN,NaN,NaN,NaN,NaN,NaN,NaN,NaN,NaN,NaN,3.4868,29.5226,23.8231,0.9242,28.1448,23.6213,9.2549,28.4654,24.688,7.083183,28.19278,24.774876
9.8391,29.3422,23.5962,NaN,NaN,NaN,NaN,NaN,NaN,NaN,NaN,NaN,NaN,NaN,NaN,NaN,NaN,NaN,NaN,NaN,NaN,NaN,NaN,NaN,NaN,NaN,NaN,NaN,NaN,NaN,3.5949,29.5855,23.8415,0.9881,28.3168,23.6824,9.3623,28.5018,24.7032,7.19022,28.225748,24.782768
9.9706,29.3653,23.598,NaN,NaN,NaN,NaN,NaN,NaN,NaN,NaN,NaN,NaN,NaN,NaN,NaN,NaN,NaN,NaN,NaN,NaN,NaN,NaN,NaN,NaN,NaN,NaN,NaN,NaN,NaN,3.7083,29.6605,23.8641,1.0901,28.4647,23.6889,9.4838,28.5077,24.7004,7.307804,28.246001,24.785679
10.0769,29.3905,23.6039,NaN,NaN,NaN,NaN,NaN,NaN,NaN,NaN,NaN,NaN,NaN,NaN,NaN,NaN,NaN,NaN,NaN,NaN,NaN,NaN,NaN,NaN,NaN,NaN,NaN,NaN,NaN,3.8204,29.7181,23.881,1.1291,28.5958,23.7379,9.601,28.5297,24.71,7.423213,28.279431,24.792875
10.1714,29.4447,23.6112,NaN,NaN,NaN,NaN,NaN,NaN,NaN,NaN,NaN,NaN,NaN,NaN,NaN,NaN,NaN,NaN,NaN,NaN,NaN,NaN,NaN,NaN,NaN,NaN,NaN,NaN,NaN,3.9394,29.7765,23.903,1.2514,28.6273,23.7493,9.725,28.5487,24.7216,7.530383,28.295631,24.800193
10.3079,29.4439,23.6049,NaN,NaN,NaN,NaN,NaN,NaN,NaN,NaN,NaN,NaN,NaN,NaN,NaN,NaN,NaN,NaN,NaN,NaN,NaN,NaN,NaN,NaN,NaN,NaN,NaN,NaN,NaN,4.0578,29.8482,23.9256,1.3119,28.7809,23.7766,9.8329,28.5388,24.7318,7.650513,28.317719,24.798157
10.4244,29.4718,23.6052,NaN,NaN,NaN,NaN,NaN,NaN,NaN,NaN,NaN,NaN,NaN,NaN,NaN,NaN,NaN,11.3235,22.472,19.3175,NaN,NaN,NaN,NaN,NaN,NaN,NaN,NaN,NaN,4.1734,29.9021,23.9444,1.3776,28.8873,23.8067,9.962,28.5514,24.741,7.766111,28.327457,24.800005
10.544,29.4975,23.6105,NaN,NaN,NaN,NaN,NaN,NaN,NaN,NaN,NaN,NaN,NaN,NaN,NaN,NaN,NaN,NaN,NaN,NaN,NaN,NaN,NaN,NaN,NaN,NaN,NaN,NaN,NaN,4.2915,29.9856,23.974,1.4568,29.109,23.8461,10.0854,28.5614,24.7515,7.887392,28.324524,24.8061
10.6687,29.4865,23.6127,NaN,NaN,NaN,NaN,NaN,NaN,NaN,NaN,NaN,NaN,NaN,NaN,NaN,NaN,NaN,NaN,NaN,NaN,NaN,NaN,NaN,NaN,NaN,NaN,NaN,NaN,NaN,4.431,29.9938,23.9969,1.573,29.2109,23.8716,10.2076,28.5492,24.7685,7.999216,28.343903,24.814858
10.7516,29.4702,23.6271,NaN,NaN,NaN,NaN,NaN,NaN,NaN,NaN,NaN,NaN,NaN,NaN,NaN,NaN,NaN,NaN,NaN,NaN,NaN,NaN,NaN,NaN,NaN,NaN,NaN,NaN,NaN,4.542,30.1101,24.019,1.6577,29.3857,23.9137,10.3203,28.5446,24.7801,8.112112,28.342718,24.825156
NaN,NaN,NaN,NaN,NaN,NaN,NaN,NaN,NaN,NaN,NaN,NaN,NaN,NaN,NaN,NaN,NaN,NaN,NaN,NaN,NaN,NaN,NaN,NaN,NaN,NaN,NaN,NaN,NaN,NaN,4.6889,30.1005,24.0536,1.7835,29.5711,23.9561,10.4409,28.5618,24.7956,8.226349,28.352513,24.832538
NaN,NaN,NaN,NaN,NaN,NaN,NaN,NaN,NaN,NaN,NaN,NaN,NaN,NaN,NaN,NaN,NaN,NaN,NaN,NaN,NaN,NaN,NaN,NaN,NaN,NaN,NaN,NaN,NaN,NaN,4.8194,30.1236,24.0807,1.8961,29.7406,24.0217,10.5765,28.5559,24.8178,8.346501,28.336454,24.843669
NaN,NaN,NaN,NaN,NaN,NaN,NaN,NaN,NaN,NaN,NaN,NaN,NaN,NaN,NaN,NaN,NaN,NaN,NaN,NaN,NaN,NaN,NaN,NaN,NaN,NaN,NaN,NaN,NaN,NaN,4.9428,30.1949,24.1129,2.0504,29.8798,24.0389,10.6969,28.5659,24.8376,8.461716,28.352287,24.853525
NaN,NaN,NaN,NaN,NaN,NaN,NaN,NaN,NaN,NaN,NaN,NaN,NaN,NaN,NaN,NaN,NaN,NaN,11.0154,24.3673,21.5168,NaN,NaN,NaN,NaN,NaN,NaN,NaN,NaN,NaN,5.082,30.2382,24.1439,2.1305,30.1463,24.1382,10.8181,28.5517,24.8528,8.575181,28.337802,24.864412
NaN,NaN,NaN,NaN,NaN,NaN,NaN,NaN,NaN,NaN,NaN,NaN,NaN,NaN,NaN,NaN,NaN,NaN,10.9119,24.6923,21.7195,NaN,NaN,NaN,NaN,NaN,NaN,NaN,NaN,NaN,5.2141,30.3068,24.1776,2.2002,30.3088,24.1675,10.9438,28.5479,24.8754,8.692173,28.323412,24.878362
NaN,NaN,NaN,NaN,NaN,NaN,NaN,NaN,NaN,NaN,NaN,NaN,NaN,NaN,NaN,NaN,NaN,NaN,10.7888,25.0169,21.8759,NaN,NaN,NaN,NaN,NaN,NaN,NaN,NaN,NaN,5.3399,30.3723,24.2078,2.3786,30.4113,24.2264,11.0669,28.5349,24.8982,8.803086,28.32053,24.897128
NaN,NaN,NaN,NaN,NaN,NaN,NaN,NaN,NaN,NaN,NaN,NaN,NaN,NaN,NaN,NaN,NaN,NaN,10.6506,25.4468,22.0338,NaN,NaN,NaN,NaN,NaN,NaN,NaN,NaN,NaN,5.485,30.4672,24.2312,2.5246,30.5668,24.2487,11.1891,28.5401,24.9126,8.919692,28.321987,24.914868
NaN,NaN,NaN,NaN,NaN,NaN,NaN,NaN,NaN,NaN,NaN,NaN,NaN,NaN,NaN,NaN,NaN,NaN,10.6048,25.646,22.1357,NaN,NaN,NaN,NaN,NaN,NaN,NaN,NaN,NaN,5.6099,30.5167,24.269,2.6688,30.6888,24.3257,11.3037,28.5231,24.9388,9.028607,28.315158,24.921905
NaN,NaN,NaN,NaN,NaN,NaN,NaN,NaN,NaN,NaN,NaN,NaN,NaN,NaN,NaN,NaN,NaN,NaN,10.5039,26.0991,22.2636,NaN,NaN,NaN,NaN,NaN,NaN,NaN,NaN,NaN,5.7293,30.5768,24.3038,2.8221,30.8743,24.3664,11.4353,28.5238,24.9531,9.14178,28.297823,24.94381
NaN,NaN,NaN,NaN,NaN,NaN,NaN,NaN,NaN,NaN,NaN,NaN,NaN,NaN,NaN,NaN,NaN,NaN,10.445,26.441,22.3082,NaN,NaN,NaN,NaN,NaN,NaN,NaN,NaN,NaN,5.8477,30.6179,24.3472,2.9322,31.0144,24.4509,11.5432,28.5095,24.9841,9.251567,28.305002,24.954032
NaN,NaN,NaN,NaN,NaN,NaN,NaN,NaN,NaN,NaN,NaN,NaN,NaN,NaN,NaN,NaN,NaN,NaN,10.3971,26.8896,22.3255,NaN,NaN,NaN,NaN,NaN,NaN,NaN,NaN,NaN,5.9795,30.6339,24.3834,3.1,31.135,24.4786,11.6734,28.5051,25.0058,9.359435,28.295205,24.972078
NaN,NaN,NaN,NaN,NaN,NaN,NaN,NaN,NaN,NaN,NaN,NaN,NaN,NaN,NaN,NaN,NaN,NaN,10.3266,27.185,22.2664,NaN,NaN,NaN,NaN,NaN,NaN,NaN,NaN,NaN,NaN,NaN,NaN,3.194,31.3433,24.5401,11.7862,28.5001,25.0279,9.470347,28.297357,24.996679
NaN,NaN,NaN,NaN,NaN,NaN,NaN,NaN,NaN,NaN,NaN,NaN,NaN,NaN,NaN,NaN,NaN,NaN,NaN,NaN,NaN,NaN,NaN,NaN,NaN,NaN,NaN,NaN,NaN,NaN,NaN,NaN,NaN,3.3433,31.3157,24.5868,11.9092,28.4894,25.0507,9.588161,28.286175,25.010777
NaN,NaN,NaN,NaN,NaN,NaN,NaN,NaN,NaN,NaN,NaN,NaN,NaN,NaN,NaN,NaN,NaN,NaN,NaN,NaN,NaN,NaN,NaN,NaN,NaN,NaN,NaN,NaN,NaN,NaN,NaN,NaN,NaN,3.5617,31.2492,24.5974,12.0283,28.4849,25.073,9.696394,28.273011,25.024102
12.7474,29.7564,23.7329,NaN,NaN,NaN,NaN,NaN,NaN,NaN,NaN,NaN,NaN,NaN,NaN,NaN,NaN,NaN,NaN,NaN,NaN,NaN,NaN,NaN,NaN,NaN,NaN,NaN,NaN,NaN,NaN,NaN,NaN,3.6992,31.3639,24.6627,12.142,28.4667,25.0984,9.808478,28.27908,25.048213
12.8658,29.8243,23.8326,NaN,NaN,NaN,NaN,NaN,NaN,NaN,NaN,NaN,NaN,NaN,NaN,NaN,NaN,NaN,NaN,NaN,NaN,NaN,NaN,NaN,NaN,NaN,NaN,NaN,NaN,NaN,NaN,NaN,NaN,3.78,31.5117,24.6769,12.2554,28.465,25.118,9.920465,28.268318,25.067075
12.8339,29.8027,23.8687,NaN,NaN,NaN,NaN,NaN,NaN,NaN,NaN,NaN,NaN,NaN,NaN,NaN,NaN,NaN,NaN,NaN,NaN,NaN,NaN,NaN,NaN,NaN,NaN,NaN,NaN,NaN,NaN,NaN,NaN,3.8938,31.4858,24.7,12.3767,28.4468,25.1408,10.043441,28.260293,25.083453
NaN,NaN,NaN,NaN,NaN,NaN,NaN,NaN,NaN,NaN,NaN,NaN,NaN,NaN,NaN,NaN,NaN,NaN,NaN,NaN,NaN,NaN,NaN,NaN,NaN,NaN,NaN,NaN,NaN,NaN,NaN,NaN,NaN,4.076,31.4114,24.7004,12.481,28.4296,25.1647,10.141625,28.265097,25.108675
13.0716,29.7271,23.9014,NaN,NaN,NaN,NaN,NaN,NaN,NaN,NaN,NaN,NaN,NaN,NaN,NaN,NaN,NaN,NaN,NaN,NaN,NaN,NaN,NaN,NaN,NaN,NaN,NaN,NaN,NaN,NaN,NaN,NaN,4.2045,31.4318,24.7115,12.5902,28.4338,25.1961,10.25357,28.237018,25.129256
13.1668,29.7653,23.9726,NaN,NaN,NaN,NaN,NaN,NaN,NaN,NaN,NaN,NaN,NaN,NaN,NaN,NaN,NaN,NaN,NaN,NaN,NaN,NaN,NaN,NaN,NaN,NaN,NaN,NaN,NaN,NaN,NaN,NaN,4.3168,31.4116,24.7596,12.6959,28.4115,25.2118,10.366901,28.236208,25.150767
13.2461,29.7846,24.031,NaN,NaN,NaN,15.1668,34.857,23.3196,NaN,NaN,NaN,NaN,NaN,NaN,NaN,NaN,NaN,NaN,NaN,NaN,NaN,NaN,NaN,NaN,NaN,NaN,NaN,NaN,NaN,NaN,NaN,NaN,4.4352,31.33,24.7313,12.8048,28.4066,25.2388,10.477684,28.220474,25.176049
13.3706,29.7624,24.0355,NaN,NaN,NaN,15.2265,35.0122,23.2796,NaN,NaN,NaN,NaN,NaN,NaN,NaN,NaN,NaN,NaN,NaN,NaN,NaN,NaN,NaN,NaN,NaN,NaN,NaN,NaN,NaN,NaN,NaN,NaN,4.5521,31.2794,24.7259,12.9224,28.3902,25.2634,10.586491,28.228258,25.210189
13.516,29.7615,24.0327,NaN,NaN,NaN,15.3155,35.2482,23.2472,NaN,NaN,NaN,NaN,NaN,NaN,NaN,NaN,NaN,NaN,NaN,NaN,NaN,NaN,NaN,NaN,NaN,NaN,NaN,NaN,NaN,NaN,NaN,NaN,4.591,31.2874,24.7257,13.0195,28.3816,25.2872,10.690032,28.215708,25.231034
13.5752,29.603,23.9801,NaN,NaN,NaN,15.402,35.403,23.2135,NaN,NaN,NaN,NaN,NaN,NaN,NaN,NaN,NaN,9.0749,33.145,19.8099,NaN,NaN,NaN,NaN,NaN,NaN,NaN,NaN,NaN,NaN,NaN,NaN,4.6931,31.1839,24.6786,13.1321,28.3753,25.3089,10.792657,28.187877,25.269576
13.6957,29.7252,24.1042,NaN,NaN,NaN,15.4349,35.5109,23.1868,NaN,NaN,NaN,NaN,NaN,NaN,NaN,NaN,NaN,8.9937,33.6082,19.6609,NaN,NaN,NaN,NaN,NaN,NaN,NaN,NaN,NaN,NaN,NaN,NaN,4.7786,31.0585,24.7008,13.2357,28.3549,25.3326,10.90126,28.168187,25.297893
13.7932,29.5735,24.0152,NaN,NaN,NaN,15.4966,35.7459,23.1477,NaN,NaN,NaN,11.955,35.9572,17.9816,NaN,NaN,NaN,8.9474,34.0221,19.5193,NaN,NaN,NaN,NaN,NaN,NaN,7.8398,34.1982,23.6038,NaN,NaN,NaN,4.8187,31.0357,24.6779,13.3266,28.346,25.361,11.007697,28.177696,25.335486
13.9112,29.0245,23.663,NaN,NaN,NaN,15.5487,35.8692,23.1048,NaN,NaN,NaN,11.9131,36.732,17.9149,NaN,NaN,NaN,8.9093,34.5294,19.3799,NaN,NaN,NaN,NaN,NaN,NaN,7.9333,34.2204,23.5738,7.7418,30.4494,24.4804,4.9258,30.9459,24.648,13.4369,28.3385,25.3837,11.108615,28.172281,25.367871
14.0117,29.6821,24.0945,NaN,NaN,NaN,15.6182,36.0544,23.0496,NaN,NaN,NaN,11.9452,37.4084,17.8869,NaN,NaN,NaN,8.894,35.0264,19.2332,NaN,NaN,NaN,NaN,NaN,NaN,7.9621,34.4518,23.6277,7.8475,30.4221,24.4682,4.9855,30.8527,24.5761,13.546,28.3436,25.4166,11.20698,28.152941,25.398306
14.1773,29.7315,24.2454,NaN,NaN,NaN,15.6959,36.2328,22.9908,NaN,NaN,NaN,12.0018,37.6497,17.7587,9.2834,37.1636,16.1888,8.8983,35.4777,19.0885,NaN,NaN,NaN,NaN,NaN,NaN,8.0024,34.4448,23.5311,7.9387,30.3712,24.4636,5.1088,30.6922,24.5278,13.6505,28.3289,25.4344,11.314969,28.149206,25.42424
14.2891,29.5579,24.1631,NaN,NaN,NaN,15.7386,36.4306,22.9234,13.5383,37.6886,20.3918,12.0818,37.9198,17.6996,9.3066,38.0086,16.2262,8.9279,35.9643,18.9169,NaN,NaN,NaN,NaN,NaN,NaN,8.0974,34.5215,23.4416,7.9701,30.2819,24.4462,5.2479,30.6279,24.5035,13.7511,28.3226,25.4599,11.42616,28.157289,25.454237
14.3413,29.5731,24.2288,NaN,NaN,NaN,15.797,36.5407,22.844,13.5424,37.9339,20.196,12.2655,38.347,17.6044,9.3774,38.7507,16.273,8.9721,36.4725,18.754,NaN,NaN,NaN,NaN,NaN,NaN,8.0874,34.9314,23.308,8.1394,30.3246,24.4571,5.2974,30.57,24.5002,13.8615,28.3112,25.4778,11.534387,28.136217,25.486283
14.4896,29.4104,24.1297,NaN,NaN,NaN,15.8379,36.5795,22.7288,13.6797,38.4579,20.0458,12.3281,38.6191,17.5319,9.4923,39.3337,16.2752,9.025,36.9926,18.6152,NaN,NaN,NaN,NaN,NaN,NaN,8.1942,34.8206,23.1295,8.2406,30.2225,24.4498,5.3826,30.4455,24.4346,13.955,28.2967,25.5085,11.64659,28.141847,25.501174
14.6082,29.5253,24.2327,NaN,NaN,NaN,15.9013,36.7042,22.578,13.9356,37.9744,20.0308,12.4776,39.1275,17.413,9.6432,39.7253,16.1889,9.0839,37.4619,18.4786,NaN,NaN,NaN,NaN,NaN,NaN,8.2468,34.6527,22.867,8.379,30.2296,24.4785,5.5127,30.238,24.3585,14.0732,28.2885,25.5227,11.756129,28.128894,25.528829
14.7372,29.3846,24.1765,NaN,NaN,NaN,15.9606,36.6121,22.4187,14.1627,37.691,19.8472,12.6203,39.3336,17.3197,9.8155,40.0602,16.0372,9.1796,37.8732,18.3412,NaN,NaN,NaN,NaN,NaN,NaN,8.3194,34.7186,22.6325,8.4768,30.1992,24.441,5.5696,30.2066,24.3321,14.1708,28.2836,25.5515,11.873368,28.149772,25.553442
14.8428,29.4364,24.2294,NaN,NaN,NaN,16.0494,36.9349,22.2145,14.0957,38.2362,19.5822,12.7557,39.8752,17.1896,10.0044,40.3802,15.8568,9.2848,38.2931,18.2117,NaN,NaN,NaN,NaN,NaN,NaN,8.2294,35.3272,22.3337,8.4237,29.9833,24.412,5.6737,30.0864,24.3105,14.2898,28.2801,25.5676,11.985482,28.110878,25.572204
14.9412,29.3553,24.2148,NaN,NaN,NaN,16.1057,36.9937,22.0383,14.2215,38.3901,19.4351,12.9839,39.8883,17.0621,10.2215,40.6913,15.6683,9.4141,38.6596,18.0334,NaN,NaN,NaN,NaN,NaN,NaN,8.3411,35.3361,22.0123,8.5526,29.9225,24.391,5.7627,30.0063,24.2847,14.3984,28.2831,25.5965,12.094618,28.126009,25.595993
15.0491,29.3633,24.2421,NaN,NaN,NaN,16.1585,36.9673,21.8582,14.4742,38.1783,19.3324,13.1552,40.2874,16.9018,10.442,40.976,15.4907,9.5596,39.0846,17.8623,NaN,NaN,NaN,NaN,NaN,NaN,8.3955,35.5034,21.6886,8.6629,29.9272,24.4136,5.908,29.8027,24.2831,14.5136,28.2919,25.611,12.205825,28.120437,25.619943
15.1712,29.4229,24.2951,NaN,NaN,NaN,16.2151,36.9146,21.6518,14.5614,38.2739,19.1253,13.3771,40.297,16.7464,10.6781,41.2861,15.3187,9.688,39.4757,17.745,12.3605,36.2514,21.6223,NaN,NaN,NaN,8.4148,35.7197,21.4344,8.8042,29.8852,24.3981,6.0312,29.7788,24.2546,14.6253,28.2946,25.6403,12.317053,28.120228,25.627442
15.277,29.359,24.2728,NaN,NaN,NaN,16.2706,36.9566,21.4649,NaN,NaN,NaN,13.569,40.5381,16.5795,10.9211,41.596,15.1603,9.8585,39.8261,17.5994,12.4353,36.2883,21.3036,NaN,NaN,NaN,8.4279,36.0049,21.1675,8.8376,29.8248,24.385,6.1038,29.6774,24.2102,14.7427,28.2952,25.6608,12.427443,28.109261,25.656407
15.4486,29.4729,24.3709,NaN,NaN,NaN,16.3359,36.8784,21.2428,14.6696,39.2299,18.6253,13.7915,40.6149,16.4116,11.1705,41.8934,15.031,10.0343,40.1506,17.4619,12.413,36.5927,21.0801,10.7041,36.5812,20.9442,8.4726,36.2744,20.9233,8.9871,29.8298,24.3615,6.2301,29.6357,24.2067,14.8325,28.2916,25.6848,12.54355,28.103878,25.663209
15.5027,29.5408,24.333,NaN,NaN,NaN,16.4015,36.8929,21.0314,14.8382,39.0848,18.4086,14.0292,40.5858,16.2308,11.4501,42.2034,14.9244,10.2409,40.4202,17.2804,12.4844,36.6225,20.8264,10.7373,36.8595,20.7261,8.5269,36.54,20.69,9.1231,29.9268,24.3412,6.3316,29.3815,24.1662,14.9516,28.2963,25.6944,12.657009,28.086758,25.686373
15.5519,29.3159,24.3124,12.9819,32.2906,23.2549,16.472,36.868,20.8228,14.9608,39.3727,18.3664,14.2297,40.707,16.026,11.7592,42.5088,14.8231,10.4562,40.61,17.0885,12.6217,36.736,20.6516,10.8628,36.763,20.4204,8.5931,36.6857,20.4565,9.1967,29.846,24.336,6.4787,29.2832,24.1614,15.0574,28.3005,25.721,12.761927,28.101339,25.70297
15.6865,29.3566,24.355,13.1129,32.1345,23.1683,16.5505,36.7523,20.6071,15.2401,39.7696,18.4134,14.4847,40.5915,15.7966,12.1167,42.7764,14.7026,10.6707,40.7976,16.8832,12.7851,36.6802,20.4105,10.884,36.934,20.2151,8.6785,36.8286,20.2083,9.4459,29.9035,24.3543,6.566,29.2338,24.1581,15.1689,28.3036,25.7361,12.877675,28.080404,25.722026
15.7981,29.3772,24.3707,13.2307,32.2794,23.1335,16.6061,36.5768,20.4264,15.3845,39.3011,17.8665,14.7204,40.6624,15.5417,12.506,43.0019,14.5785,10.8997,40.8818,16.6393,12.8084,36.8123,20.2068,11.0034,36.8938,19.9766,8.7817,36.8984,19.9636,9.4904,29.814,24.3813,6.6831,29.0019,24.1363,15.2687,28.3204,25.7606,12.988486,28.094357,25.73688
15.8753,29.435,24.3855,13.3722,32.2296,23.0211,16.7481,36.6802,20.1852,15.5129,39.0659,17.551,14.7966,40.6382,15.3582,12.8986,43.1149,14.4268,11.1279,40.9887,16.4168,12.8334,36.7161,19.9908,11.092,36.9087,19.7397,8.8773,36.9262,19.7066,9.6192,29.7075,24.4028,6.8156,29.0164,24.132,15.3831,28.3213,25.7659,13.104224,28.112546,25.753874
16.007,29.3547,24.3975,13.4911,32.2471,22.9783,16.8848,36.6641,19.9659,15.6686,39.0345,17.3351,15.1743,40.859,15.0537,13.267,43.1227,14.2555,11.3272,40.9696,16.1727,13.0045,36.7153,19.745,11.2391,36.88,19.5037,8.999,36.9119,19.4687,9.628,29.5271,24.4022,6.9352,28.8887,24.107,15.4983,28.3369,25.7867,13.212954,28.08809,25.766187
16.1067,29.37,24.4151,13.5679,32.1359,22.9547,16.9627,36.4138,19.8016,15.8157,38.9152,17.1605,NaN,NaN,NaN,13.426,42.9711,14.0596,11.5554,40.9441,15.9054,13.0961,36.6756,19.5265,11.3607,36.8291,19.2648,9.137,36.9206,19.2404,9.8235,29.5853,24.4349,7.0123,28.9041,24.1067,15.5995,28.3626,25.8,13.326618,28.099043,25.780199
16.1997,29.3895,24.4308,13.6635,32.1339,22.9336,17.1047,36.3075,19.5987,15.9943,38.6401,16.8511,NaN,NaN,NaN,13.8221,42.8766,13.8143,11.7495,40.8087,15.6452,13.292,36.511,19.3276,11.4848,36.7259,19.0506,9.2695,36.8472,19.036,9.9148,29.5571,24.453,7.0985,28.8848,24.1256,15.696,28.3709,25.8074,13.431978,28.108039,25.788707
16.3021,29.3985,24.4392,13.7831,32.1169,22.888,17.2673,36.3175,19.4228,16.1495,38.2323,16.5382,NaN,NaN,NaN,14.0944,42.641,13.5013,11.937,40.6463,15.3749,13.5592,36.2542,19.1405,11.6173,36.6385,18.8864,9.4668,36.7075,18.8339,10.0198,29.5885,24.5175,7.2179,28.7573,24.1006,15.8068,28.398,25.8179,13.549131,28.130427,25.794546
16.4144,29.4057,24.4588,13.8968,32.0981,22.8387,17.431,36.1694,19.2516,16.3717,38.1436,16.294,NaN,NaN,NaN,14.2349,42.3705,13.1754,12.1239,40.4209,15.0966,13.7055,36.1121,18.9679,11.7693,36.5498,18.7227,9.5188,36.6396,18.7038,10.1271,29.5467,24.5186,7.2871,28.7465,24.1232,15.9184,28.4105,25.8212,13.657266,28.120776,25.813293
16.5065,29.4256,24.4625,14.0087,32.0717,22.7922,17.5374,35.6911,19.148,16.5956,38.2519,16.381,NaN,NaN,NaN,14.3817,42.0519,12.8312,12.3116,40.1701,14.8104,13.659,36.2598,18.9066,11.9327,36.3895,18.5917,9.6837,36.5136,18.5751,10.1221,29.4419,24.4694,7.4612,28.7697,24.0885,16.0224,28.4379,25.8376,13.767951,28.129089,25.814342
16.6178,29.4673,24.4814,14.129,32.0694,22.7464,17.7614,35.8469,18.9633,16.8194,37.8951,16.0844,16.3814,39.4738,13.714,14.5144,41.6867,12.4944,12.4937,39.8721,14.52,14.0282,35.8269,18.6801,12.1206,36.244,18.4608,9.8218,36.5604,18.4345,10.3312,29.6633,24.5102,7.5788,28.702,24.1079,16.1363,28.4784,25.8496,13.87103,28.144323,25.823861
16.7258,29.4711,24.4933,14.2483,32.03,22.6997,17.9361,35.6948,18.8416,16.8834,37.385,15.7505,16.501,39.2991,13.5197,14.6445,41.3065,12.1775,12.6795,39.5836,14.2462,14.0962,35.8356,18.5967,12.2961,36.0808,18.3204,9.9569,36.3772,18.3239,10.4386,29.6757,24.4535,7.6602,28.6396,24.088,16.2333,28.49,25.8536,13.987476,28.161546,25.826056
16.8479,29.5771,24.5375,14.3696,32.0453,22.6563,18.1177,35.5678,18.7313,17.112,37.2248,15.5464,16.7212,38.8255,13.2786,14.8009,40.9059,11.8678,12.8569,39.2015,13.9645,14.2458,35.6229,18.4354,12.4718,35.9469,18.2018,10.1137,36.1684,18.1954,10.5162,29.6358,24.4526,7.7613,28.6132,24.0792,16.3386,28.5214,25.8583,14.094816,28.177105,25.828752
16.9334,29.5344,24.5297,14.4819,32.0258,22.6144,18.3126,35.402,18.6289,17.2597,36.8431,15.4073,16.825,38.0829,12.9673,14.9785,40.4672,11.5562,13.0408,38.8485,13.7024,14.5147,35.4299,18.2951,12.6823,35.8505,18.0499,10.4745,35.8779,18.0088,10.6207,29.6326,24.4653,7.8797,28.7164,24.0721,16.444,28.5564,25.8693,14.208444,28.20803,25.839342
17.0386,29.5612,24.5378,14.599,32.0101,22.5713,18.5046,35.2434,18.5344,17.4889,36.6107,15.2237,17.0268,37.9075,12.8545,15.1786,40.0381,11.2484,13.2235,38.4789,13.4611,14.6597,35.3936,18.2515,12.8565,35.5719,17.9407,10.6343,35.7304,17.8642,10.7249,29.6395,24.4865,7.9809,28.5559,24.0784,16.5569,28.5933,25.8759,14.321894,28.225648,25.835855
17.1601,29.5923,24.5565,14.7223,31.9933,22.5352,18.7033,35.0648,18.4529,17.6558,36.245,15.1083,17.2945,37.4178,12.6227,15.4048,39.5944,10.953,13.4375,38.0821,13.2216,14.8311,35.2849,18.1483,13.0633,35.4536,17.8094,10.7964,35.6538,17.733,10.8272,29.6502,24.5085,8.098,28.6097,24.1132,16.6646,28.6251,25.8831,14.427284,28.265845,25.84575
17.2462,29.65,24.5715,14.8322,31.9671,22.501,18.8692,34.7422,18.4075,17.9095,36.0162,14.9595,17.4361,37.0088,12.385,15.6432,39.1533,10.6783,13.652,37.7101,13.003,15.0836,34.9776,18.0141,13.2452,35.1781,17.6942,11.0725,35.2902,17.566,10.926,29.6802,24.5354,8.2115,28.6494,24.131,16.7761,28.6679,25.8913,14.540251,28.312268,25.848404
17.4072,29.7416,24.5748,14.9605,31.9221,22.4615,19.0144,34.4045,18.3765,18.1036,35.69,14.8613,17.7302,36.982,12.3721,15.8971,38.6587,10.411,13.887,37.3215,12.7846,15.2096,34.8438,17.9247,13.4279,35.1449,17.5702,11.2364,35.2178,17.4151,11.0221,29.7137,24.5668,8.2626,28.6802,24.1501,16.8898,28.7264,25.9029,14.651853,28.343124,25.85293
17.471,29.7408,24.6143,15.0776,31.926,22.4255,19.2154,34.2421,18.322,18.3462,35.4159,14.7358,18.0139,36.3882,12.1512,16.1458,38.1615,10.1539,14.131,36.9359,12.5857,15.3642,34.7809,17.8389,13.6849,34.8556,17.4489,11.4242,34.9898,17.2753,11.1167,29.7523,24.5975,8.4012,28.5548,24.149,16.9999,28.7757,25.9159,14.761628,28.36652,25.860803
17.5569,29.8271,24.6387,15.2058,31.8984,22.3963,19.4828,34.4335,18.2312,18.5576,35.1142,14.6593,18.2061,35.8155,11.9675,16.4149,37.6622,9.9219,14.3985,36.5448,12.392,15.5727,34.4853,17.7205,13.8824,34.6341,17.3263,11.6164,34.8603,17.1364,11.2198,29.7817,24.6251,8.5117,28.6371,24.1646,17.1103,28.8288,25.9329,14.878413,28.410431,25.867861
17.6751,29.8525,24.6594,15.3035,31.8438,22.3773,19.6817,34.2462,18.1938,18.8624,34.8252,14.5713,18.5624,35.8455,12.0423,16.6944,37.1536,9.7132,14.6787,36.1678,12.2011,15.7827,34.3125,17.6207,14.0654,34.5458,17.2085,11.9247,34.5103,16.9797,11.3166,29.8316,24.6627,8.6099,28.7143,24.2081,17.2198,28.8741,25.9459,14.990753,28.449709,25.880604
17.7708,29.9174,24.6874,15.4342,31.8367,22.3448,19.8772,34.0877,18.1784,19.0594,34.5582,14.5362,18.8087,35.1569,11.7592,16.9934,36.6377,9.5185,14.9705,35.791,12.0241,16.0202,34.0995,17.5307,14.3063,34.2504,17.0817,12.1309,34.3073,16.8244,11.4137,29.8825,24.6975,8.7511,28.8014,24.2932,17.33,28.9421,25.9616,15.098911,28.484388,25.890624
17.8921,29.9605,24.7128,15.549,31.799,22.3266,20.0512,33.7992,18.1762,19.3441,34.41,14.4614,19.1089,34.73,11.6564,17.3123,36.1506,9.3564,15.2709,35.4229,11.8605,16.1181,33.9242,17.4335,14.5165,34.0687,16.9599,12.3329,34.0985,16.6612,11.5086,29.9184,24.7245,8.8232,28.9082,24.3606,17.4365,28.9867,25.9794,15.210213,28.55693,25.900269
17.9913,30.0252,24.7326,15.6719,31.7743,22.3094,20.2695,33.7584,18.1598,19.5677,34.1007,14.4369,19.3686,34.3773,11.6274,17.6437,35.6773,9.2173,15.5805,35.0772,11.7286,16.3108,33.6455,17.2568,14.743,33.8724,16.8473,12.5812,33.8467,16.4882,11.6111,29.9697,24.7554,8.9487,28.7571,24.3108,17.5439,29.0632,26.0085,15.317102,28.605241,25.914821
18.1078,30.0984,24.7785,15.7887,31.7831,22.3025,20.436,33.4923,18.1813,19.8644,33.7901,14.4161,19.7646,34.2929,11.7482,18.0095,35.2052,9.1039,15.8892,34.7384,11.6042,16.5382,33.5802,17.2624,14.9629,33.7848,16.7213,12.7666,33.6731,16.3425,11.7109,30.0173,24.7916,9.0483,28.8611,24.3468,17.6458,29.1142,26.0263,15.443708,28.656679,25.930542
18.2077,30.1513,24.8141,15.9199,31.7455,22.2892,20.6507,33.4485,18.185,20.0773,33.4471,14.4365,20.0585,33.5871,11.5437,18.3657,34.7776,9.0186,16.2091,34.3868,11.5001,16.7822,33.3635,17.1808,15.1751,33.4591,16.6286,12.9617,33.4683,16.1952,11.8172,30.0724,24.8281,9.139,28.8876,24.3906,17.755,29.179,26.0562,15.552906,28.715163,25.952086
18.3034,30.2122,24.8434,16.0374,31.7213,22.2923,20.8154,33.183,18.2282,20.3662,33.2076,14.4406,20.3391,33.3048,11.6198,18.7447,34.3598,8.9637,16.5282,34.0669,11.4148,16.9669,33.2018,17.1273,15.3725,33.3815,16.539,13.1949,33.261,16.0618,11.9237,30.1186,24.8565,9.2924,28.9229,24.4332,17.86,29.2533,26.0852,15.661614,28.77263,25.96886
18.42,30.2706,24.8811,16.1614,31.7078,22.2929,21.01,33.0133,18.2631,20.602,32.9147,14.4843,20.7224,33.114,11.7055,19.1293,33.9621,8.9328,16.8579,33.7154,11.3428,17.1834,33.085,17.0879,15.6177,33.1783,16.4617,13.4219,33.048,15.9444,12.0302,30.1688,24.885,9.3671,28.967,24.4263,17.9759,29.3282,26.1076,15.773966,28.840911,25.992624
18.5297,30.3385,24.9159,16.286,31.6923,22.2954,21.1971,32.8559,18.3187,20.8955,32.6493,14.531,20.9543,32.5675,11.6829,19.5143,33.5425,8.9223,17.1933,33.3756,11.2965,17.3614,32.9958,17.0948,15.8571,32.8385,16.4215,13.6619,32.8102,15.851,12.1338,30.2158,24.9146,9.4729,28.9856,24.4667,18.0931,29.3938,26.141,15.888434,28.911315,26.021447
18.6376,30.4201,24.9557,16.4059,31.6555,22.3062,21.3851,32.7344,18.3895,21.1297,32.4051,14.6067,21.3023,32.2482,11.7667,19.8974,33.1641,8.9482,17.5201,33.0222,11.2743,17.6122,32.6845,17.0633,15.9761,32.7802,16.3997,13.8874,32.5734,15.7827,12.2412,30.26,24.9347,9.59,28.9825,24.4867,18.1935,29.4829,26.1775,15.999108,28.963456,26.051214
18.7326,30.4889,24.9965,16.523,31.6483,22.3325,21.5732,32.5934,18.4711,21.4186,32.3168,14.6575,21.5892,31.9026,11.8524,20.2669,32.766,8.9902,17.8447,32.7017,11.2788,17.8749,32.4174,17.1006,16.1945,32.6621,16.3829,14.1141,32.308,15.7324,12.3441,30.3116,24.9651,9.718,28.9874,24.5086,18.3009,29.5376,26.2024,16.10857,29.029391,26.081518
18.8235,30.5731,25.0383,16.6452,31.6362,22.3585,21.7653,32.4422,18.5711,21.6599,31.934,14.781,21.8901,31.5563,11.9709,20.6406,32.3752,9.0717,18.1689,32.3371,11.3054,18.0768,32.2093,17.1153,16.2789,32.3468,16.3616,14.3541,32.109,15.715,12.4557,30.3368,24.9776,9.8268,29.0829,24.4999,18.4048,29.611,26.2418,16.217225,29.082954,26.11141
18.9505,30.643,25.0772,16.7592,31.6332,22.384,21.9509,32.3383,18.6894,21.9001,31.7545,14.9058,22.2111,31.4964,12.2534,20.9958,31.9621,9.1713,18.4835,31.9884,11.3565,18.2834,32.0981,17.1869,NaN,NaN,NaN,14.6587,31.9906,15.7647,12.5722,30.3683,24.9992,9.9045,29.0841,24.4951,18.5098,29.7024,26.2814,16.323548,29.157487,26.144613
19.0656,30.6902,25.1229,16.8699,31.6447,22.4248,22.142,32.202,18.8147,22.151,31.4218,15.0645,22.5357,31.1604,12.3818,21.3406,31.5702,9.2998,18.7973,31.6304,11.4361,18.4962,31.9607,17.2523,NaN,NaN,NaN,14.9225,31.8222,15.7879,12.6875,30.4048,25.0167,10.045,29.0943,24.4891,18.6319,29.782,26.3178,16.434055,29.234487,26.185425
19.154,30.7845,25.1733,16.9892,31.6491,22.469,22.323,32.1143,18.9625,22.3971,31.1814,15.2323,22.9953,31.0485,12.3962,21.6917,31.164,9.4631,19.1195,31.2801,11.544,18.7083,31.8407,17.3244,16.433,31.6449,16.1264,15.1533,31.5815,15.8042,12.8029,30.4388,25.0374,10.2059,29.0408,24.5062,18.7309,29.8568,26.3646,16.5494,29.300704,26.224197
19.2574,30.84,25.2134,17.0903,31.6933,22.5238,22.5056,32.0157,19.1195,22.6404,30.9758,15.4272,23.1361,30.4214,12.7328,22.0317,30.7378,9.643,19.4221,30.9734,11.6798,18.9167,31.6675,17.4074,NaN,NaN,NaN,15.438,31.4194,15.8564,12.9118,30.4801,25.0574,10.3489,29.0379,24.5246,18.8377,29.9361,26.3971,16.666416,29.377869,26.265069
19.3816,30.8955,25.241,17.1909,31.6986,22.5739,22.6884,31.9245,19.2923,22.8705,30.8029,15.6448,23.442,30.3172,13.0048,22.3649,30.3495,9.8612,19.722,30.6327,11.8358,19.1338,31.5353,17.5457,NaN,NaN,NaN,15.6144,31.1823,15.9318,13.0296,30.5094,25.0717,10.477,29.0426,24.5464,18.9575,29.9922,26.4272,16.781993,29.450412,26.308762
19.4727,30.9629,25.2861,17.3169,31.7218,22.6249,22.864,31.8508,19.4811,23.1129,30.6002,15.8835,23.6746,29.8277,13.2237,22.6904,29.9462,10.1054,20.033,30.3056,12.0296,19.3673,31.4028,17.7126,NaN,NaN,NaN,15.8039,30.9668,15.982,13.1528,30.5354,25.095,10.6642,29.0796,24.4884,19.0642,30.0719,26.4694,16.89317,29.510747,26.350991
19.5662,31.084,25.3456,17.4143,31.7624,22.6919,23.0299,31.7951,19.6852,23.3391,30.4202,16.1318,23.9414,29.5031,13.5407,23.0196,29.5275,10.3864,20.329,30.0063,12.2489,19.5699,31.2624,17.8574,NaN,NaN,NaN,15.9836,30.8787,16.0701,13.276,30.5578,25.114,10.8314,29.0567,24.5689,19.1629,30.1352,26.5114,17.009103,29.584202,26.395481
19.6926,31.1372,25.3959,17.5102,31.816,22.758,23.2012,31.7479,19.9023,23.5622,30.2571,16.4286,24.2063,29.1136,13.8318,23.352,29.1088,10.7028,20.612,29.7384,12.4919,19.7821,31.1737,18.0356,NaN,NaN,NaN,16.2863,30.5814,16.1889,13.3981,30.591,25.1385,10.9881,28.989,24.5691,19.2694,30.2253,26.5512,17.130549,29.660186,26.43998
19.8072,31.2035,25.4374,17.6023,31.8705,22.8279,23.358,31.7434,20.1292,23.7904,30.101,16.7057,24.5383,29.1092,14.2882,23.6547,28.7836,11.0497,20.9081,29.444,12.7683,19.9789,31.1053,18.2217,NaN,NaN,NaN,16.5264,30.4339,16.3197,13.5222,30.626,25.1536,11.1571,28.9862,24.5858,19.3713,30.296,26.5952,17.248286,29.723962,26.483659
19.8997,31.2762,25.4758,17.7106,31.8913,22.8882,23.5098,31.7405,20.3691,23.9971,30.0807,17.0186,24.7135,28.7678,14.5593,23.9898,28.2936,11.442,21.1946,29.1218,13.0588,20.1671,31.0207,18.4127,NaN,NaN,NaN,16.7738,30.3435,16.4506,13.6508,30.6631,25.18,11.2768,28.8801,24.5634,19.4859,30.3781,26.637,17.360092,29.789885,26.523922
20.0106,31.3505,25.5338,17.8073,31.9456,22.9615,23.6683,31.7602,20.6129,24.2051,29.9965,17.3482,25.0261,28.6097,15.0466,24.1535,28.3595,11.836,21.4623,28.8636,13.3751,20.3601,30.9208,18.5962,NaN,NaN,NaN,NaN,NaN,NaN,13.7715,30.6895,25.1978,11.4382,29.0061,24.5737,19.5873,30.4582,26.6881,17.471782,29.868387,26.577625
20.107,31.4059,25.5724,17.8841,32.0127,23.0359,23.8161,31.8113,20.867,24.4405,29.9144,17.684,25.1694,28.2575,15.4149,NaN,NaN,NaN,21.7315,28.6221,13.7208,20.5485,30.8805,18.8146,NaN,NaN,NaN,NaN,NaN,NaN,13.8999,30.7317,25.229,11.5902,28.9011,24.5908,19.6957,30.5379,26.7284,17.588629,29.939199,26.619922
20.2181,31.5018,25.6253,17.9881,32.0488,23.098,23.9578,31.8636,21.1249,24.5918,29.7677,18.0607,25.437,28.2144,15.8901,NaN,NaN,NaN,21.9835,28.4444,14.0852,20.7233,30.8603,19.0364,NaN,NaN,NaN,NaN,NaN,NaN,14.0312,30.7657,25.2528,11.7354,29.0077,24.6122,19.7974,30.616,26.7716,17.712311,30.01675,26.671573
20.3008,31.6113,25.6755,18.0815,32.1295,23.1687,24.0893,31.9447,21.3939,NaN,NaN,NaN,25.6886,28.1256,16.2832,NaN,NaN,NaN,22.2392,28.1827,14.4698,20.91,30.8944,19.2941,NaN,NaN,NaN,NaN,NaN,NaN,14.1523,30.8158,25.2775,11.9069,28.9617,24.631,19.9053,30.6886,26.817,17.821374,30.095154,26.715981
20.429,31.6317,25.7058,NaN,NaN,NaN,24.2115,32.0188,21.6491,NaN,NaN,NaN,25.8989,28.0984,16.8722,NaN,NaN,NaN,22.4844,27.9715,14.8796,21.0786,30.9249,19.534,NaN,NaN,NaN,NaN,NaN,NaN,14.268,30.8805,25.3098,12.0485,28.9514,24.6524,20.0193,30.7517,26.8575,17.933284,30.169165,26.764759
20.5506,31.7193,25.7582,NaN,NaN,NaN,24.3258,32.1176,21.916,NaN,NaN,NaN,26.0434,27.7346,17.2915,NaN,NaN,NaN,22.7074,27.8269,15.2851,21.2279,30.9917,19.7911,NaN,NaN,NaN,NaN,NaN,NaN,14.3879,30.9463,25.3397,12.1844,29.0739,24.6894,20.1284,30.8104,26.9008,18.044877,30.224273,26.807137
20.6314,31.8044,25.8133,NaN,NaN,NaN,24.4323,32.24,22.1749,NaN,NaN,NaN,26.2842,27.6783,17.7811,NaN,NaN,NaN,22.9433,27.6795,15.7131,21.3879,31.0212,20.0348,NaN,NaN,NaN,NaN,NaN,NaN,14.5065,30.9929,25.3622,12.2955,29.0623,24.7057,20.2278,30.887,26.9563,18.161002,30.295434,26.856648
20.9107,32.2336,26.0489,18.3854,32.5266,23.4342,24.5246,32.3845,22.4279,NaN,NaN,NaN,26.4545,27.7651,18.3402,NaN,NaN,NaN,NaN,NaN,NaN,NaN,NaN,NaN,NaN,NaN,NaN,NaN,NaN,NaN,14.6336,31.0529,25.3958,12.4517,29.144,24.783,20.3467,30.9274,26.9833,18.270406,30.353025,26.900289
20.9105,32.11,25.8781,18.4601,32.6449,23.4958,24.6107,32.5336,22.6746,NaN,NaN,NaN,26.5953,27.7231,18.787,NaN,NaN,NaN,NaN,NaN,NaN,NaN,NaN,NaN,NaN,NaN,NaN,NaN,NaN,NaN,14.7582,31.1121,25.431,12.5684,29.2523,24.8167,20.4695,30.9836,27.0258,18.384044,30.414727,26.936924
21.0268,32.1505,26.0684,18.5433,32.7596,23.568,24.6887,32.713,22.9154,NaN,NaN,NaN,26.7913,27.6555,19.3626,NaN,NaN,NaN,NaN,NaN,NaN,NaN,NaN,NaN,NaN,NaN,NaN,NaN,NaN,NaN,14.8782,31.1688,25.46,12.6774,29.2838,24.8309,20.5773,31.0232,27.0679,18.50305,30.49141,26.983248
21.1003,32.1391,26.018,18.6236,32.8857,23.6499,24.7527,32.9056,23.1524,NaN,NaN,NaN,26.8704,27.7635,19.868,NaN,NaN,NaN,NaN,NaN,NaN,NaN,NaN,NaN,NaN,NaN,NaN,NaN,NaN,NaN,15.0007,31.2407,25.4959,12.7693,29.3663,24.8466,20.6905,31.0804,27.1114,18.621118,30.537925,27.019816
21.1919,32.147,26.0375,18.6764,33.0389,23.7361,24.8198,33.0968,23.3836,NaN,NaN,NaN,26.943,27.8641,20.3239,NaN,NaN,NaN,NaN,NaN,NaN,NaN,NaN,NaN,NaN,NaN,NaN,NaN,NaN,NaN,15.1192,31.3133,25.5317,12.9038,29.4505,24.8987,20.8084,31.1398,27.162,18.733671,30.582677,27.059718
21.3319,32.1935,26.0465,18.7443,33.1776,23.8247,24.8743,33.3334,23.607,NaN,NaN,NaN,27.0232,27.9642,20.8302,NaN,NaN,NaN,NaN,NaN,NaN,NaN,NaN,NaN,NaN,NaN,NaN,NaN,NaN,NaN,15.233,31.3883,25.5696,12.9566,29.568,24.9397,20.9398,31.1993,27.204,18.846691,30.655376,27.106225
21.4437,32.2656,26.1037,18.8091,33.3087,23.9322,24.9332,33.5558,23.8313,NaN,NaN,NaN,27.0535,27.9175,21.2064,NaN,NaN,NaN,NaN,NaN,NaN,NaN,NaN,NaN,NaN,NaN,NaN,NaN,NaN,NaN,15.346,31.4884,25.6103,13.0469,29.7209,24.9733,21.0567,31.2502,27.2566,18.961732,30.68048,27.148608
21.5599,32.3196,26.1336,NaN,NaN,NaN,24.9832,33.7987,24.0494,NaN,NaN,NaN,27.108,28.1517,21.697,NaN,NaN,NaN,NaN,NaN,NaN,NaN,NaN,NaN,NaN,NaN,NaN,NaN,NaN,NaN,15.4642,31.5606,25.6455,13.1257,29.9371,25.0231,21.1628,31.2876,27.3148,19.070493,30.72358,27.184868
21.6821,32.3497,26.1681,NaN,NaN,NaN,25.0295,34.0211,24.2664,NaN,NaN,NaN,NaN,NaN,NaN,NaN,NaN,NaN,NaN,NaN,NaN,NaN,NaN,NaN,NaN,NaN,NaN,NaN,NaN,NaN,15.5769,31.6429,25.6839,13.1874,29.9775,25.0401,21.2871,31.3368,27.3648,19.184457,30.776936,27.237874
21.7863,32.4701,26.2209,NaN,NaN,NaN,NaN,NaN,NaN,NaN,NaN,NaN,NaN,NaN,NaN,NaN,NaN,NaN,NaN,NaN,NaN,NaN,NaN,NaN,NaN,NaN,NaN,NaN,NaN,NaN,15.6931,31.7233,25.721,13.2448,30.1078,25.0795,21.408,31.3959,27.4276,19.30676,30.84387,27.275774
21.8933,32.505,26.2391,NaN,NaN,NaN,NaN,NaN,NaN,NaN,NaN,NaN,NaN,NaN,NaN,NaN,NaN,NaN,NaN,NaN,NaN,NaN,NaN,NaN,NaN,NaN,NaN,NaN,NaN,NaN,15.8106,31.8108,25.7628,13.3229,30.2815,25.1541,21.5217,31.4371,27.4787,19.414348,30.875871,27.32101
22.0294,32.6091,26.3001,19.1584,33.8353,24.5038,NaN,NaN,NaN,NaN,NaN,NaN,NaN,NaN,NaN,NaN,NaN,NaN,NaN,NaN,NaN,NaN,NaN,NaN,NaN,NaN,NaN,NaN,NaN,NaN,15.9209,31.911,25.8083,13.457,30.4268,25.1599,21.637,31.4683,27.5387,19.530927,30.920893,27.369379
22.1487,32.5765,26.3517,19.2393,33.888,24.6207,NaN,NaN,NaN,NaN,NaN,NaN,NaN,NaN,NaN,NaN,NaN,NaN,NaN,NaN,NaN,NaN,NaN,NaN,NaN,NaN,NaN,NaN,NaN,NaN,16.0263,32.0257,25.8562,13.5024,30.6359,25.2151,21.7661,31.5136,27.5858,19.6515,30.958748,27.418571
22.308,32.6072,26.3857,19.3226,33.9664,24.7348,NaN,NaN,NaN,NaN,NaN,NaN,NaN,NaN,NaN,NaN,NaN,NaN,NaN,NaN,NaN,NaN,NaN,NaN,NaN,NaN,NaN,NaN,NaN,NaN,16.133,32.1233,25.9072,13.5475,30.8185,25.2503,21.8817,31.5478,27.6546,19.772987,31.019494,27.47227
22.3815,32.6537,26.4199,19.4226,34.028,24.848,NaN,NaN,NaN,NaN,NaN,NaN,NaN,NaN,NaN,NaN,NaN,NaN,23.7077,28.712,21.9531,NaN,NaN,NaN,NaN,NaN,NaN,NaN,NaN,NaN,16.2363,32.2721,25.9556,13.5859,30.9875,25.315,22.0105,31.599,27.7165,19.886654,31.058274,27.524518
22.5338,32.6994,26.4754,19.5174,34.0889,24.9574,NaN,NaN,NaN,NaN,NaN,NaN,NaN,NaN,NaN,NaN,NaN,NaN,23.6589,28.8492,22.1911,NaN,NaN,NaN,NaN,NaN,NaN,NaN,NaN,NaN,16.3523,32.3245,26.0038,13.6916,31.1915,25.3643,22.1215,31.628,27.7749,20.009973,31.099688,27.574448
22.6714,32.7779,26.5358,19.6233,34.1533,25.0699,NaN,NaN,NaN,NaN,NaN,NaN,NaN,NaN,NaN,NaN,NaN,NaN,23.5091,29.1696,22.448,NaN,NaN,NaN,NaN,NaN,NaN,NaN,NaN,NaN,16.4646,32.4255,26.0557,13.7743,31.4383,25.3959,22.248,31.6788,27.8478,20.122868,31.117672,27.617858
22.7829,32.8114,26.5539,19.7241,34.1991,25.173,NaN,NaN,NaN,NaN,NaN,NaN,NaN,NaN,NaN,NaN,NaN,NaN,23.3847,29.5244,22.7493,NaN,NaN,NaN,NaN,NaN,NaN,NaN,NaN,NaN,16.5822,32.5376,26.1112,13.8195,31.5951,25.4114,22.3683,31.7122,27.9059,20.240398,31.146401,27.675541
22.8605,32.9763,26.6237,19.8311,34.303,25.2877,NaN,NaN,NaN,NaN,NaN,NaN,NaN,NaN,NaN,NaN,NaN,NaN,23.3227,29.792,22.9771,NaN,NaN,NaN,NaN,NaN,NaN,NaN,NaN,NaN,16.7291,32.611,26.2061,13.9247,31.6701,25.5072,22.4891,31.7511,27.9707,20.350501,31.215115,27.738888
23.0323,32.9175,26.6731,19.9427,34.3442,25.3944,NaN,NaN,NaN,NaN,NaN,NaN,NaN,NaN,NaN,NaN,NaN,NaN,23.2367,30.0471,23.1025,NaN,NaN,NaN,NaN,NaN,NaN,NaN,NaN,NaN,16.7377,32.6535,26.2015,14.0285,31.9604,25.5629,22.6176,31.814,28.0372,20.465252,31.215334,27.787659
23.1465,33.011,26.7305,20.041,34.4337,25.5023,NaN,NaN,NaN,NaN,NaN,NaN,NaN,NaN,NaN,NaN,NaN,NaN,23.1894,30.3789,23.2446,NaN,NaN,NaN,NaN,NaN,NaN,NaN,NaN,NaN,16.946,32.8283,26.3203,14.1294,32.2075,25.6827,22.7328,31.8433,28.105,20.57878,31.251883,27.840452
23.45,32.8929,26.7549,20.1349,34.5437,25.6036,NaN,NaN,NaN,NaN,NaN,NaN,NaN,NaN,NaN,NaN,NaN,NaN,23.0881,30.7837,23.3299,NaN,NaN,NaN,NaN,NaN,NaN,NaN,NaN,NaN,17.0702,32.8274,26.3415,14.2723,32.3192,25.7548,22.8546,31.8707,28.161,20.694674,31.285408,27.891153
23.5852,33.3934,26.9358,20.2239,34.6459,25.7038,NaN,NaN,NaN,NaN,NaN,NaN,NaN,NaN,NaN,NaN,NaN,NaN,NaN,NaN,NaN,NaN,NaN,NaN,NaN,NaN,NaN,NaN,NaN,NaN,17.193,32.9793,26.47,14.3121,32.5186,25.8408,22.9818,31.9088,28.225,20.802377,31.319804,27.93848
NaN,NaN,NaN,20.3082,34.7628,25.8415,NaN,NaN,NaN,NaN,NaN,NaN,NaN,NaN,NaN,NaN,NaN,NaN,NaN,NaN,NaN,NaN,NaN,NaN,NaN,NaN,NaN,NaN,NaN,NaN,17.326,33.0444,26.534,14.4636,32.7256,25.9329,23.1008,31.9416,28.2903,20.914309,31.332341,27.985259
23.8219,33.4646,27.0638,20.3986,34.8901,25.9993,NaN,NaN,NaN,NaN,NaN,NaN,NaN,NaN,NaN,NaN,NaN,NaN,NaN,NaN,NaN,NaN,NaN,NaN,NaN,NaN,NaN,NaN,NaN,NaN,17.4445,33.0778,26.5881,14.5757,32.7859,25.9677,23.2114,31.9703,28.3519,21.019552,31.373962,28.037828
23.8956,33.3456,27.0637,20.4935,34.91,26.1226,NaN,NaN,NaN,NaN,NaN,NaN,NaN,NaN,NaN,NaN,NaN,NaN,NaN,NaN,NaN,NaN,NaN,NaN,NaN,NaN,NaN,NaN,NaN,NaN,17.5634,33.051,26.5865,14.6748,33.0676,26.0658,23.3388,32.0078,28.4064,21.131195,31.41039,28.089515
23.9972,33.159,27.0024,20.6034,35.0353,26.2438,NaN,NaN,NaN,NaN,NaN,NaN,NaN,NaN,NaN,NaN,NaN,NaN,NaN,NaN,NaN,NaN,NaN,NaN,NaN,NaN,NaN,NaN,NaN,NaN,NaN,NaN,NaN,14.8211,33.12,26.1407,23.4431,32.0296,28.4673,21.239671,31.446217,28.144319
24.0478,33.489,27.1415,NaN,NaN,NaN,NaN,NaN,NaN,NaN,NaN,NaN,NaN,NaN,NaN,NaN,NaN,NaN,NaN,NaN,NaN,NaN,NaN,NaN,NaN,NaN,NaN,NaN,NaN,NaN,17.7779,33.1893,26.7232,14.8922,33.318,26.2244,23.5658,32.0744,28.5252,21.346073,31.489519,28.199536
24.1743,33.4105,27.2706,NaN,NaN,NaN,26.0022,38.225,26.8276,NaN,NaN,NaN,NaN,NaN,NaN,NaN,NaN,NaN,NaN,NaN,NaN,NaN,NaN,NaN,NaN,NaN,NaN,NaN,NaN,NaN,17.8788,33.1119,26.7289,15.0454,33.3827,26.2581,23.6631,32.1004,28.5944,21.460282,31.51555,28.245303
24.3258,33.4313,27.3523,NaN,NaN,NaN,26.1012,38.4008,26.7919,NaN,NaN,NaN,NaN,NaN,NaN,NaN,NaN,NaN,NaN,NaN,NaN,NaN,NaN,NaN,NaN,NaN,NaN,NaN,NaN,NaN,18.003,33.2141,26.8192,15.2031,33.4704,26.3554,23.7516,32.1178,28.6553,21.569777,31.553855,28.302359
24.4064,33.4845,27.418,NaN,NaN,NaN,26.1912,38.5574,26.7347,NaN,NaN,NaN,NaN,NaN,NaN,NaN,NaN,NaN,NaN,NaN,NaN,NaN,NaN,NaN,NaN,NaN,NaN,18.9173,36.5975,24.7182,18.1137,33.2144,26.8188,15.3595,33.5024,26.4118,23.8484,32.1149,28.7144,21.661803,31.56439,28.355049
24.4355,33.378,27.3404,NaN,NaN,NaN,26.2678,38.7271,26.6986,NaN,NaN,NaN,NaN,NaN,NaN,NaN,NaN,NaN,NaN,NaN,NaN,NaN,NaN,NaN,NaN,NaN,NaN,18.9145,37.3472,25.1177,18.2028,33.168,26.8109,15.4306,33.6732,26.4754,23.9597,32.1002,28.7664,21.767821,31.611191,28.412362
24.6116,33.3628,27.4374,NaN,NaN,NaN,26.3481,38.9324,26.6369,NaN,NaN,NaN,NaN,NaN,NaN,NaN,NaN,NaN,NaN,NaN,NaN,NaN,NaN,NaN,NaN,NaN,NaN,18.9097,37.4723,25.3784,18.3474,33.2855,26.9027,15.5705,33.5409,26.512,24.0938,32.1691,28.8116,21.869358,31.622491,28.462264
24.7109,33.5138,27.5453,NaN,NaN,NaN,26.4251,39.068,26.5653,NaN,NaN,NaN,NaN,NaN,NaN,NaN,NaN,NaN,21.1358,36.8515,22.2703,22.6241,38.3914,26.1593,NaN,NaN,NaN,18.7957,37.6122,25.508,18.4621,33.3307,26.9323,15.6755,33.5333,26.5474,24.1922,32.205,28.8694,21.973412,31.653917,28.515248
24.8068,33.3933,27.5286,NaN,NaN,NaN,26.5336,39.2671,26.464,NaN,NaN,NaN,NaN,NaN,NaN,NaN,NaN,NaN,20.9428,37.4194,22.1997,22.7057,38.698,26.2088,NaN,NaN,NaN,18.7919,37.7222,25.5876,18.5663,33.4165,26.9885,15.733,33.7017,26.566,24.2762,32.2301,28.9312,22.07581,31.676357,28.560175
24.9968,33.4331,27.6078,NaN,NaN,NaN,26.602,39.4746,26.3761,NaN,NaN,NaN,NaN,NaN,NaN,NaN,NaN,NaN,20.7664,37.9899,22.151,22.7649,38.9213,26.223,NaN,NaN,NaN,18.9099,38.0745,25.8545,18.666,33.4911,27.0135,15.889,33.7056,26.6019,24.3649,32.2556,28.9881,22.169791,31.7203,28.613111
25.045,33.3971,27.6539,NaN,NaN,NaN,26.6844,39.6429,26.254,24.5851,41.1596,23.5563,NaN,NaN,NaN,NaN,NaN,NaN,20.63,38.453,22.1135,22.7424,38.9803,26.198,NaN,NaN,NaN,NaN,NaN,NaN,18.7694,33.4026,26.9779,15.9884,33.5946,26.6487,24.4856,32.287,29.0337,22.272651,31.756404,28.666833
25.1518,33.4652,27.7069,NaN,NaN,NaN,26.7812,39.7889,26.1,24.5718,41.4296,23.378,NaN,NaN,NaN,NaN,NaN,NaN,20.5093,38.9702,22.065,22.7883,39.2448,26.1751,NaN,NaN,NaN,19.0146,38.4855,26.1744,18.8901,33.4574,27.0055,16.0667,33.6357,26.6233,24.5711,32.3189,29.0931,22.371506,31.790526,28.717496
25.2803,33.4178,27.7724,22.2531,35.9126,26.8774,26.8785,39.9372,25.9337,24.7112,41.5157,23.2114,NaN,NaN,NaN,NaN,NaN,NaN,20.3808,39.4873,21.9742,22.8954,39.283,26.1708,NaN,NaN,NaN,19.0539,38.7128,26.2122,18.9101,33.4098,27.0427,16.1628,33.5319,26.6384,24.6668,32.3444,29.1466,22.480514,31.811718,28.755475
25.3792,33.4803,27.84,22.4121,35.9351,26.842,26.9711,40.1294,25.7418,NaN,NaN,NaN,23.6218,41.9194,20.4655,20.7085,41.3293,19.0875,20.3177,39.9633,21.8151,23.0373,39.3841,26.0341,NaN,NaN,NaN,19.1663,38.7083,26.2028,19.1073,33.493,27.0957,16.2773,33.5037,26.6551,24.7558,32.3602,29.2044,22.584466,31.863773,28.803785
25.5092,33.5189,27.9071,22.5719,35.9807,26.7829,27.0377,40.1885,25.5785,24.9584,41.9816,22.9173,23.5865,42.2244,20.4365,20.6737,42.1661,19.063,20.2719,40.4878,21.6632,23.2331,39.6174,25.9569,NaN,NaN,NaN,19.2176,38.7062,26.1114,19.2078,33.5268,27.132,16.4305,33.424,26.6295,24.8707,32.4273,29.2557,22.690651,31.908396,28.848179
25.6099,33.551,27.9627,22.7353,36.0429,26.7575,27.1158,40.2657,25.373,NaN,NaN,NaN,23.6544,42.7574,20.3427,20.7363,42.9508,19.0291,20.2596,41.0494,21.5304,23.2044,39.669,25.7566,NaN,NaN,NaN,19.2361,38.8785,26.0672,19.3587,33.5235,27.1512,16.4931,33.3565,26.6251,24.9688,32.4509,29.3083,22.792463,31.946579,28.897862
25.7351,33.5849,28.0261,22.8955,36.0421,26.7104,27.2067,40.2692,25.153,NaN,NaN,NaN,23.7342,42.7319,20.0729,20.9022,43.5923,18.9534,20.2893,41.548,21.402,23.3011,39.6644,25.4509,NaN,NaN,NaN,19.5185,39.1571,25.7749,19.4451,33.5928,27.2055,16.5752,33.3924,26.6429,25.1027,32.4955,29.3482,22.9041,31.993118,28.940287
25.8246,33.6278,28.077,23.0544,36.052,26.6579,27.2889,40.303,24.9207,NaN,NaN,NaN,23.8792,42.9308,19.8892,21.1315,44.1292,18.8327,20.3633,42.0188,21.2597,23.3937,39.7636,25.198,NaN,NaN,NaN,19.4836,39.2757,25.4602,19.5409,33.5946,27.2345,16.7301,33.252,26.6195,25.1786,32.5374,29.4127,23.018906,32.015004,28.986154
25.9324,33.6774,28.1402,23.2423,36.1623,26.5981,27.3788,40.3138,24.6853,NaN,NaN,NaN,24.0592,43.107,19.6904,21.3921,44.5313,18.6744,20.4858,42.4426,21.1078,23.4513,39.8539,24.9887,NaN,NaN,NaN,19.5179,39.3627,25.2078,19.6389,33.5146,27.2328,16.8094,33.3208,26.6146,25.2699,32.5952,29.466,23.127797,32.051844,29.028661
26.0465,33.6944,28.1881,23.381,36.1398,26.5797,27.465,40.3222,24.4548,NaN,NaN,NaN,24.2459,43.3254,19.4627,21.6534,44.8354,18.4952,20.6716,42.6623,20.8759,23.5701,39.8547,24.6456,21.879,39.6741,24.6664,19.5821,39.5285,24.9017,19.7573,33.5803,27.2859,16.9438,33.2817,26.626,25.3775,32.6427,29.5159,23.236776,32.10151,29.069997
26.1517,33.7303,28.2434,23.5317,36.2012,26.5618,27.5714,40.3242,24.2135,NaN,NaN,NaN,24.5279,43.2637,19.1923,21.9365,45.0363,18.2935,20.9045,42.9131,20.5759,23.6655,39.9204,24.348,21.9801,39.9199,24.3583,19.6887,39.5956,24.5296,19.7675,33.4545,27.223,17.0891,33.1616,26.6211,25.4896,32.692,29.5642,23.338131,32.133451,29.114725
26.2042,33.9659,28.3077,23.649,36.2187,26.5575,27.6713,40.265,23.9895,NaN,NaN,NaN,24.772,43.5189,18.9208,22.256,45.0993,18.0153,21.1611,43.0654,20.2217,23.7868,39.924,24.0551,22.0619,39.9004,23.9604,19.7807,39.7279,24.1442,19.9655,33.5436,27.2495,17.2376,32.9206,26.6206,25.5693,32.7278,29.6199,23.451049,32.18335,29.15442
26.3571,33.785,28.3461,23.7829,36.2554,26.5439,27.7762,40.1751,23.7683,NaN,NaN,NaN,25.1983,43.7553,18.7254,22.5963,45.1165,17.664,21.424,43.1357,19.8256,23.9011,39.9611,23.7362,22.1375,39.9035,23.6535,19.8898,39.7557,23.7309,19.9741,33.5354,27.2291,17.3385,33.0314,26.6399,25.6658,32.7845,29.6723,23.570434,32.231408,29.198507
26.4554,33.878,28.4097,23.919,36.2508,26.5291,27.905,40.1042,23.5576,NaN,NaN,NaN,25.4434,43.5597,18.4947,22.992,45.0987,17.2572,21.7404,43.2786,19.4758,23.9905,39.9326,23.4398,22.2364,39.9327,23.2808,20.0105,39.8593,23.3327,20.092,33.5431,27.2432,17.4709,33.0529,26.6491,25.7764,32.833,29.7195,23.672293,32.278062,29.247839
26.5599,33.9526,28.4661,24.0468,36.2393,26.5069,28.0178,40.047,23.3712,NaN,NaN,NaN,25.8666,43.5506,18.1786,23.4184,45.0007,16.8213,22.0261,43.2791,19.0922,24.1342,40.0087,23.1607,22.3719,40.0189,22.9666,20.1254,39.9355,22.937,20.2744,33.6312,27.3001,17.606,32.951,26.6513,25.8858,32.8928,29.7668,23.775754,32.316587,29.29687
26.6537,33.948,28.5105,24.1842,36.2509,26.4753,28.1557,39.9362,23.1961,NaN,NaN,NaN,26.168,43.2118,17.8855,23.876,44.8637,16.3682,22.4372,43.3411,18.6922,24.2649,39.9687,22.892,22.5218,40.0154,22.6172,20.2864,40.0395,22.5167,20.3815,33.6333,27.3379,17.7101,32.8271,26.6477,25.9783,32.9582,29.82,23.885897,32.376819,29.343568
26.7407,34.0323,28.5638,24.3205,36.2592,26.448,28.3117,39.869,23.031,NaN,NaN,NaN,26.4383,43.0015,17.4965,24.3591,44.644,15.9115,22.7973,43.3751,18.3362,24.4101,39.923,22.6254,22.6878,40.064,22.3151,20.4541,40.0831,22.1336,20.4504,33.5707,27.3561,17.8616,32.9237,26.6586,26.0693,33.0152,29.8728,24.003144,32.439466,29.388153
26.8419,34.0868,28.6122,24.4413,36.2377,26.4169,28.4695,39.7637,22.8784,NaN,NaN,NaN,NaN,NaN,NaN,24.8758,44.403,15.4613,23.1578,43.2451,17.947,24.5798,39.9532,22.3986,22.8795,40.0383,22.0214,20.6529,40.1324,21.8078,20.5372,33.485,27.3747,17.9747,32.7796,26.6365,26.1634,33.0758,29.9198,24.11168,32.473153,29.425392
26.9356,34.146,28.6643,24.5931,36.2817,26.3948,28.6239,39.6565,22.7591,NaN,NaN,NaN,NaN,NaN,NaN,25.4093,44.1058,15.0236,23.513,43.0355,17.5523,24.7688,39.8715,22.1658,23.0515,40.049,21.7516,20.8709,40.1588,21.4859,20.7644,33.6846,27.5001,18.0782,32.7437,26.6511,26.2692,33.1264,29.9601,24.210962,32.523558,29.471048
27.0517,34.1288,28.7136,24.719,36.2602,26.3641,28.8187,39.5944,22.6509,NaN,NaN,NaN,NaN,NaN,NaN,25.9729,43.7544,14.6065,23.9298,42.7909,17.1225,24.9849,39.7909,21.9508,23.2615,40.0936,21.4764,21.1008,40.1207,21.1929,20.9005,33.7573,27.5639,18.2654,32.6826,26.6854,26.3647,33.2,30.0017,24.322385,32.594143,29.512459
27.1365,34.2534,28.7706,24.8674,36.2861,26.3295,29.0147,39.4821,22.5579,NaN,NaN,NaN,NaN,NaN,NaN,26.4761,43.3368,14.2429,24.3573,42.5462,16.7514,25.1808,39.704,21.7439,23.4996,39.8534,21.2326,21.335,40.0803,20.9096,20.9892,33.7734,27.5865,18.3451,32.663,26.6623,26.4672,33.266,30.0424,24.428349,32.644691,29.553396
27.2147,34.329,28.8251,25.008,36.2893,26.3045,29.2273,39.3167,22.4896,28.8259,40.7739,18.9808,28.5864,41.467,16.263,26.8761,42.9862,13.9581,24.7746,42.2162,16.4041,25.4183,39.5553,21.5797,23.7461,39.7849,21.0341,21.5844,39.9791,20.6711,21.0813,33.8067,27.6155,18.46,32.7498,26.7174,26.564,33.3374,30.0837,24.531777,32.70586,29.595405
27.3399,34.3981,28.8672,25.1353,36.2989,26.2833,29.4628,39.1945,22.4313,29.0969,40.2144,18.8324,28.9664,41.1659,16.1187,27.3745,42.4264,13.6796,25.1719,41.8893,16.1269,25.68,39.3983,21.4263,24.0118,39.6424,20.8672,21.8533,39.8696,20.4762,21.1314,33.726,27.5983,18.5642,32.7392,26.741,26.6568,33.4064,30.1273,24.63848,32.800547,29.64291
27.4292,34.4591,28.9108,25.2908,36.3111,26.2552,29.6903,39.0354,22.4092,29.3683,40.087,18.7611,29.3703,40.5789,15.9912,27.7954,41.936,13.48,25.5736,41.5042,15.8916,25.9083,39.3811,21.3442,24.3071,39.5139,20.7152,22.1892,39.6262,20.2812,21.2927,33.8284,27.634,18.6979,32.7878,26.7704,26.7535,33.4819,30.1694,24.728593,32.83878,29.676391
27.5022,34.5661,28.9593,25.4254,36.3532,26.247,29.9464,38.9139,22.4017,29.6348,39.7044,18.6928,29.6588,40.0901,15.8822,28.1312,41.5298,13.3336,25.9538,41.1169,15.7019,26.2045,39.1459,21.2424,24.5175,39.2191,20.6222,22.4502,39.3598,20.099,21.3787,33.9335,27.6521,18.813,32.7865,26.8072,26.8464,33.5619,30.2132,24.837281,32.92141,29.710178
27.6039,34.6309,29.013,25.5733,36.3868,26.2412,30.1873,38.7679,22.4171,30.095,39.4598,18.7328,30.0716,39.7368,15.817,28.4806,41.0933,13.2459,26.3183,40.696,15.5772,26.4809,38.8886,21.1486,24.8704,39.1078,20.5125,22.6776,39.2235,19.9646,21.4917,34.066,27.6809,18.9449,32.8055,26.8051,26.9408,33.6465,30.2525,24.936263,33.001796,29.747889
27.7118,34.7328,29.0754,25.724,36.3934,26.2323,30.4594,38.6244,22.4507,NaN,NaN,NaN,30.417,39.449,15.8446,28.9255,40.5278,13.1702,26.6715,40.3121,15.4761,26.7727,38.673,21.1165,NaN,NaN,NaN,22.9341,38.9835,19.8383,21.6107,34.165,27.7117,19.0262,32.9015,26.8206,27.0475,33.7287,30.2918,25.036769,33.092975,29.793621
27.9318,34.7671,29.171,25.8709,36.4165,26.237,30.7176,38.5052,22.5115,NaN,NaN,NaN,30.868,39.307,15.9731,29.3215,40.0608,13.1577,27.0253,39.8796,15.413,27.1325,38.4297,21.0847,NaN,NaN,NaN,23.297,38.7096,19.7409,21.7135,34.2068,27.7542,19.1111,32.9036,26.8607,27.1442,33.8163,30.3351,25.142313,33.15707,29.817842
27.9156,34.859,29.1779,26.0083,36.4731,26.246,30.9876,38.3813,22.5805,NaN,NaN,NaN,31.1637,38.7628,15.9252,29.6849,39.7195,13.1818,27.3795,39.4381,15.3838,27.33,38.3411,21.1169,NaN,NaN,NaN,23.6078,38.4832,19.6751,21.8109,34.2791,27.8001,19.2132,33.0143,26.8802,27.2367,33.9105,30.3794,25.234566,33.241191,29.863127
27.9714,34.9702,29.2468,26.1672,36.4671,26.2589,31.2445,38.258,22.6734,NaN,NaN,NaN,31.5166,38.5826,16.1173,30.0865,39.3901,13.2341,27.751,39.0682,15.391,27.6285,38.1692,21.1418,NaN,NaN,NaN,23.9456,38.2807,19.6359,21.905,34.3877,27.8491,19.3195,33.033,26.9355,27.3216,33.9852,30.4286,25.322723,33.330948,29.896242
28.1345,35.1409,29.2344,26.3258,36.5189,26.2732,31.5068,38.1061,22.7719,NaN,NaN,NaN,31.9513,38.155,16.154,30.5547,38.9514,13.2995,28.141,38.6839,15.4163,27.9724,37.8976,21.1874,NaN,NaN,NaN,24.2261,38.0076,19.5898,22.0027,34.4594,27.9004,19.4018,33.3064,26.9878,27.4236,34.0929,30.4746,25.424321,33.436448,29.940606
28.181,35.1251,29.3495,26.461,36.5537,26.3046,31.7647,37.9742,22.8968,NaN,NaN,NaN,32.3411,37.8218,16.2509,31.0149,38.5827,13.3833,28.5277,38.3218,15.4651,28.1762,37.841,21.2542,NaN,NaN,NaN,24.5556,37.8665,19.6052,22.0997,34.5435,27.9538,19.5183,33.2439,27.0267,27.5324,34.1888,30.5157,25.513676,33.516068,29.97586
28.2451,35.2294,29.4145,26.604,36.5865,26.3382,32.0178,37.8717,23.0326,NaN,NaN,NaN,32.6907,37.6826,16.4929,31.4726,38.2725,13.4996,28.9383,38.0152,15.5309,28.464,37.604,21.3207,NaN,NaN,NaN,24.8357,37.7787,19.5678,22.1843,34.6407,28.0097,19.6597,33.484,27.1404,27.6257,34.2782,30.5692,25.618831,33.610896,30.01373
NaN,NaN,NaN,26.7505,36.6158,26.3779,32.2479,37.7317,23.1892,NaN,NaN,NaN,33.0347,37.2306,16.6798,31.9436,37.9182,13.6359,29.3577,37.6648,15.6168,28.7229,37.5433,21.4023,NaN,NaN,NaN,25.1782,37.5629,19.6338,22.2691,34.7553,28.0649,19.7064,33.5541,27.1384,27.7043,34.3629,30.6244,25.695798,33.719444,30.060376
NaN,NaN,NaN,26.8811,36.6397,26.4303,32.4902,37.6153,23.3548,NaN,NaN,NaN,33.52,36.8248,16.8622,32.4315,37.458,13.7937,29.7626,37.3629,15.7133,29.0154,37.3525,21.4859,NaN,NaN,NaN,25.4153,37.2865,19.5729,22.3627,34.8539,28.1177,19.8056,33.6455,27.193,27.7953,34.4569,30.6806,25.786052,33.824884,30.110821
28.6148,35.5543,29.5921,26.9988,36.6876,26.4936,32.688,37.4926,23.5367,NaN,NaN,NaN,33.77,36.4624,17.0791,32.9204,36.9609,13.9909,30.1734,37.0621,15.8272,29.2274,37.2886,21.5756,NaN,NaN,NaN,25.7285,37.2006,19.6388,22.4581,34.9543,28.1729,19.8891,33.6903,27.2175,27.8883,34.5397,30.7359,25.867864,33.922355,30.166199
NaN,NaN,NaN,27.1215,36.7021,26.5609,32.8959,37.3939,23.7367,NaN,NaN,NaN,34.3006,36.4548,17.5533,33.3569,36.5421,14.2208,30.5814,36.7762,15.9924,29.5173,37.1114,21.6626,NaN,NaN,NaN,26.0638,37.0263,19.6583,22.5546,35.0629,28.2312,19.9914,33.7574,27.3014,27.9878,34.6304,30.788,25.962481,34.044429,30.217214
28.8942,36.1449,29.8819,27.2419,36.7347,26.626,33.0886,37.2751,23.9412,NaN,NaN,NaN,34.4972,35.7573,17.6477,33.7724,36.1506,14.4859,30.993,36.4346,16.1564,29.7434,37.0498,21.8065,NaN,NaN,NaN,26.4441,36.9749,19.7648,22.6529,35.1561,28.2894,20.1647,33.8262,27.3426,28.0918,34.7372,30.8518,26.056485,34.160729,30.27268
28.9286,35.8217,29.8543,27.3522,36.7946,26.6988,33.2675,37.1469,24.1636,34.0412,36.449,20.7184,34.921,35.579,17.957,34.1905,35.6992,14.7851,31.3796,36.1356,16.3632,29.9889,36.8425,21.9207,NaN,NaN,NaN,26.7189,36.6872,19.7773,22.7543,35.2487,28.3508,20.224,34.0295,27.3395,28.1867,34.8424,30.9108,26.163952,34.246489,30.321148
28.987,36.3231,29.9264,27.4497,36.7993,26.7663,33.4365,37.0454,24.4106,34.2432,36.257,20.9535,35.184,35.1899,18.3129,34.5988,35.1951,15.1327,31.7511,35.8077,16.593,30.2761,36.8745,22.1683,NaN,NaN,NaN,26.9805,36.458,19.8223,22.8577,35.3407,28.405,20.357,34.1821,27.3896,28.2822,34.9295,30.9683,26.246093,34.337563,30.379541
29.0239,36.1672,30.0634,27.5441,36.8742,26.854,33.5943,36.9437,24.6627,34.5798,35.8771,21.2197,35.5187,34.9681,18.8337,34.916,35.2785,15.4782,32.0989,35.5594,16.8642,30.4848,36.6623,22.2716,NaN,NaN,NaN,27.3441,36.4929,20.016,22.9581,35.4426,28.4633,20.499,34.0671,27.4392,28.3787,35.0352,31.0332,26.335971,34.471359,30.457527
29.1591,35.9664,30.0295,27.6581,36.8859,26.9263,33.7338,36.8546,24.933,35.0173,35.3154,20.8624,35.75,34.305,19.0737,35.3381,34.331,15.8995,32.5024,35.2455,17.2256,30.6787,36.4998,22.494,NaN,NaN,NaN,27.6478,36.3202,20.1439,23.0654,35.5397,28.5191,20.6696,34.1321,27.5178,28.4731,35.13,31.0975,26.44223,34.551764,30.51381
29.2733,36.4071,30.2092,27.7428,36.8911,27.0202,33.8726,36.7718,25.2099,35.0734,35.6241,21.8358,36.0656,34.3097,19.6283,35.6763,33.8112,16.35,32.7753,34.8771,17.4735,30.8787,36.336,22.6848,NaN,NaN,NaN,27.9013,36.095,20.18,23.175,35.6184,28.5746,20.7317,34.3735,27.5424,28.5642,35.2324,31.162,26.534494,34.675405,30.583016
29.4867,36.623,30.3476,27.8372,37.0158,27.1185,33.9937,36.7384,25.4938,NaN,NaN,NaN,36.2257,33.8564,19.9959,36.0052,33.3203,16.8162,33.0813,34.5438,17.809,31.0676,36.1739,22.8813,NaN,NaN,NaN,28.1338,35.8455,20.2979,23.2862,35.7121,28.64,20.8564,34.5292,27.6469,28.667,35.3496,31.2249,26.636789,34.804397,30.655179
29.5421,36.5917,30.3306,27.9162,37.0221,27.2019,34.1197,36.6655,25.7903,NaN,NaN,NaN,36.4881,33.719,20.5035,36.3051,32.891,17.2938,33.3765,34.0636,18.1882,31.2624,35.9795,23.1033,NaN,NaN,NaN,28.3111,35.5196,20.4908,23.3951,35.7982,28.701,20.9501,34.5096,27.6193,28.7662,35.4493,31.2943,26.741764,34.88223,30.723199
29.6491,36.8061,30.3353,28.0263,36.9532,27.2865,34.2296,36.6091,26.0859,NaN,NaN,NaN,36.6536,33.1774,20.977,36.5811,32.4658,17.8055,33.645,33.6826,18.597,31.4073,35.8502,23.3262,NaN,NaN,NaN,28.5521,35.3024,20.6866,23.5051,35.8745,28.7591,21.1469,34.5142,27.7512,28.8681,35.5633,31.3648,NaN,NaN,NaN
